secs, cad, hr, km, kph, nm, watts, alt, lon, lat, headwind, slope, temp, interval, lrbalance, lte, rte, lps, rps, smo2, thb, o2hb, hhb
1,42,93,0.006,14.1984,0,220,-4,4.459,51.5876,0,-16.6667,13,0,47,0,0,0,0,0,0,0,0
2,47,93,0.01,16.0992,0,247,-4,4.45903,51.5876,0,0,13,0,47,0,0,0,0,0,0,0,0
3,55,94,0.015,16.4988,0,242,-4,4.45906,51.5875,0,0,13,0,48,0,0,0,0,0,0,0,0
4,57,95,0.02,17.1972,0,178,-4,4.45909,51.5875,0,0,13,0,47,0,0,0,0,0,0,0,0
5,61,96,0.025,17.7984,0,138,-4,4.45912,51.5874,0,0,13,0,49,0,0,0,0,0,0,0,0
6,63,98,0.03,18.3996,0,69,-4,4.45915,51.5874,0,0,13,0,56,0,0,0,0,0,0,0,0
7,65,98,0.035,18.3996,0,69,-4,4.45918,51.5874,0,0,13,0,-255,0,0,0,0,0,0,0,0
8,65,99,0.039,16.6968,0,69,-4,4.4592,51.5873,0,0,13,0,-255,0,0,0,0,0,0,0,0
9,65,100,0.044,15.9984,0,69,-4,4.45924,51.5873,0,0,13,0,-255,0,0,0,0,0,0,0,0
10,65,100,0.048,15.7968,0,69,-4,4.45927,51.5873,0,-1.66667,13,0,-255,0,0,0,0,0,0,0,0
11,56,100,0.053,15.7968,0,268,-4,4.45931,51.5872,0,0,13,0,61,0,0,0,0,0,0,0,0
12,60,100,0.06,16.4988,0,363,-4,4.45936,51.5872,0,0,13,0,48,0,0,0,0,0,0,0,0
13,63,100,0.066,20.898,0,231,-4,4.45939,51.5871,0,0,13,0,64,0,0,0,0,0,0,0,0
14,62,100,0.072,22.0968,0,139,-4,4.45942,51.5871,0,0,13,0,57,0,0,0,0,0,0,0,0
15,84,100,0.08,24.498,0,202,-4,4.45945,51.587,0,0,13,0,44,0,0,0,0,0,0,0,0
16,80,100,0.087,25.2,0,211,-4,4.45949,51.5869,0,0,13,0,44,0,0,0,0,0,0,0,0
17,77,100,0.094,25.4988,0,207,-4,4.45951,51.5869,0,0,13,0,43,0,0,0,0,0,0,0,0
18,77,100,0.102,25.6968,0,206,-4,4.45954,51.5868,0,0,13,0,46,0,0,0,0,0,0,0,0
19,77,100,0.109,25.9992,0,206,-4,4.45956,51.5867,0,0,13,0,46,0,0,0,0,0,0,0,0
20,79,100,0.117,26.1972,0,217,-4,4.45957,51.5867,0,0,13,0,47,0,0,0,0,0,0,0,0
21,80,100,0.124,25.9992,0,112,-4,4.45959,51.5866,0,0,13,0,49,0,0,0,0,0,0,0,0
22,81,100,0.131,25.2972,0,87,-4,4.4596,51.5865,0,0,13,0,47,0,0,0,0,0,0,0,0
23,85,100,0.138,24.3972,0,189,-4,4.4596,51.5865,0,0,13,0,47,0,0,0,0,0,0,0,0
24,82,101,0.146,24.3972,0,128,-4,4.4596,51.5864,0,0,13,0,34,0,0,0,0,0,0,0,0
25,82,101,0.153,24.3972,0,128,-5,4.45961,51.5863,0,-1.42857,13,0,34,0,0,0,0,0,0,0,0
26,82,102,0.16,24.6996,0,128,-5,4.45962,51.5863,0,-1.42857,13,0,34,0,0,0,0,0,0,0,0
27,0,103,0.167,24.3,0,0,-5,4.45962,51.5862,0,-1.42857,13,0,34,0,0,0,0,0,0,0,0
28,0,103,0.173,24.0984,0,0,-4,4.45962,51.5862,0,0.238095,13,0,34,0,0,0,0,0,0,0,0
29,0,103,0.18,23.2992,0,0,-4,4.45962,51.5861,0,0.238095,13,0,-255,0,0,0,0,0,0,0,0
30,0,105,0.187,22.9968,0,0,-4,4.45962,51.586,0,0.238095,13,0,-255,0,0,0,0,0,0,0,0
31,0,106,0.193,22.2984,0,0,-4,4.45963,51.586,0,0.238095,13,0,-255,0,0,0,0,0,0,0,0
32,0,106,0.199,22.1976,0,0,-4,4.45964,51.5859,0,0.238095,13,0,-255,0,0,0,0,0,0,0,0
33,57,107,0.205,21.6972,0,104,-5,4.45963,51.5859,0,-1.42857,13,0,6,0,0,0,0,0,0,0,0
34,58,107,0.211,21.3984,0,116,-5,4.45964,51.5858,0,-1.42857,13,0,30,0,0,0,0,0,0,0,0
35,56,108,0.218,20.898,0,50,-4,4.45964,51.5858,0,1.42857,13,0,46,0,0,0,0,0,0,0,0
36,54,108,0.224,20.898,0,50,-4,4.45964,51.5857,0,1.42857,13,0,-255,0,0,0,0,0,0,0,0
37,44,108,0.23,20.1996,0,121,-4,4.45966,51.5857,0,1.42857,13,0,24,0,0,0,0,0,0,0,0
38,44,108,0.236,20.1996,0,121,-4,4.45971,51.5856,0,-0.238095,13,0,24,0,0,0,0,0,0,0,0
39,57,108,0.243,21.6,0,258,-4,4.45975,51.5856,0,-0.238095,13,0,41,0,0,0,0,0,0,0,0
40,58,107,0.248,21.6,0,339,-4,4.45977,51.5855,0,-0.238095,13,0,43,0,0,0,0,0,0,0,0
41,64,107,0.255,22.5,0,340,-4,4.45981,51.5854,0,-0.238095,13,0,46,0,0,0,0,0,0,0,0
42,64,106,0.262,22.698,0,340,-4,4.45983,51.5854,0,-0.238095,13,0,46,0,0,0,0,0,0,0,0
43,69,105,0.269,23.8968,0,331,-4,4.45986,51.5853,0,1.42857,13,0,48,0,0,0,0,0,0,0,0
44,72,105,0.277,24.0984,0,309,-4,4.45988,51.5853,0,1.42857,13,0,51,0,0,0,0,0,0,0,0
45,75,105,0.285,25.4988,0,285,-4,4.45989,51.5852,0,0,13,0,50,0,0,0,0,0,0,0,0
46,75,105,0.292,25.4988,0,285,-4,4.45992,51.5851,0,0,13,0,50,0,0,0,0,0,0,0,0
47,75,107,0.299,26.6976,0,283,-4,4.45993,51.5851,0,0,13,0,51,0,0,0,0,0,0,0,0
48,78,109,0.308,26.7984,0,279,-4,4.45996,51.585,0,0,13,0,51,0,0,0,0,0,0,0,0
49,81,111,0.315,27.3996,0,257,-3,4.45998,51.5849,0,1.42857,13,0,50,0,0,0,0,0,0,0,0
50,81,113,0.324,27.3996,0,243,-3,4.46,51.5848,0,1.42857,13,0,51,0,0,0,0,0,0,0,0
51,81,114,0.332,27.3996,0,243,-3,4.46001,51.5848,0,1.42857,13,0,51,0,0,0,0,0,0,0,0
52,82,116,0.34,28.5984,0,256,-3,4.46002,51.5847,0,1.42857,13,0,49,0,0,0,0,0,0,0,0
53,83,118,0.348,28.5984,0,228,-3,4.46003,51.5846,0,1.42857,13,0,46,0,0,0,0,0,0,0,0
54,83,118,0.356,28.4976,0,170,-3,4.46005,51.5846,0,1.42857,13,0,48,0,0,0,0,0,0,0,0
55,83,118,0.364,27.9972,0,124,-3,4.46005,51.5845,0,1.42857,13,0,45,0,0,0,0,0,0,0,0
56,81,119,0.371,26.8992,0,99,-3,4.46005,51.5844,0,1.42857,13,0,44,0,0,0,0,0,0,0,0
57,78,119,0.378,26.5968,0,56,-3,4.46005,51.5844,0,1.42857,13,0,53,0,0,0,0,0,0,0,0
58,78,119,0.384,24.9984,0,56,-4,4.46006,51.5843,0,-0.238095,13,0,53,0,0,0,0,0,0,0,0
59,78,119,0.39,21.6972,0,56,-4,4.46009,51.5843,0,-1.66667,13,0,53,0,0,0,0,0,0,0,0
60,66,119,0.398,21.6972,0,162,-4,4.46011,51.5842,0,-1.66667,13,0,25,0,0,0,0,0,0,0,0
61,67,119,0.405,22.0968,0,301,-4,4.46013,51.5841,0,-1.66667,13,0,39,0,0,0,0,0,0,0,0
62,67,118,0.412,24.9984,0,388,-4,4.46014,51.5841,0,-1.66667,13,0,49,0,0,0,0,0,0,0,0
63,68,118,0.419,25.2972,0,329,-4,4.46014,51.584,0,-1.66667,13,0,50,0,0,0,0,0,0,0,0
64,72,117,0.424,24.9984,0,260,-4,4.46015,51.584,0,-1.66667,13,0,50,0,0,0,0,0,0,0,0
65,81,117,0.431,25.5996,0,170,-4,4.46016,51.5839,0,-1.66667,13,0,47,0,0,0,0,0,0,0,0
66,82,117,0.438,22.9968,0,116,-4,4.46016,51.5838,0,-1.66667,13,0,42,0,0,0,0,0,0,0,0
67,77,117,0.446,23.4972,0,71,-4,4.46016,51.5838,0,-1.66667,13,0,46,0,0,0,0,0,0,0,0
68,77,117,0.452,22.5972,0,71,-4,4.46018,51.5837,0,0,13,0,46,0,0,0,0,0,0,0,0
69,0,118,0.459,22.5,0,0,-4,4.46021,51.5836,0,0,13,0,46,0,0,0,0,0,0,0,0
70,0,118,0.463,18.4968,0,0,-4,4.46025,51.5836,0,0,13,0,46,0,0,0,0,0,0,0,0
71,0,118,0.467,14.6988,0,0,-4,4.4603,51.5836,0,0,13,0,-255,0,0,0,0,0,0,0,0
72,0,118,0.472,14.6988,0,0,-4,4.46036,51.5836,0,0,13,0,-255,0,0,0,0,0,0,0,0
73,0,117,0.477,15.6996,0,0,-4,4.46042,51.5835,0,0,13,0,-255,0,0,0,0,0,0,0,0
74,49,116,0.483,16.5996,0,197,-4,4.46045,51.5835,0,0,13,0,38,0,0,0,0,0,0,0,0
75,55,115,0.489,18.2988,0,200,-4,4.46043,51.5834,0,0,13,0,45,0,0,0,0,0,0,0,0
76,65,114,0.495,20.7,0,240,-4,4.46042,51.5834,0,0,13,0,45,0,0,0,0,0,0,0,0
77,66,113,0.501,22.1976,0,231,-4,4.46043,51.5833,0,0,13,0,45,0,0,0,0,0,0,0,0
78,68,112,0.509,22.5,0,265,-4,4.46045,51.5833,0,0,13,0,48,0,0,0,0,0,0,0,0
79,70,112,0.514,22.5,0,203,-4,4.46044,51.5832,0,0,13,0,43,0,0,0,0,0,0,0,0
80,71,111,0.519,21.1968,0,71,-4,4.46042,51.5832,0,0,13,0,41,0,0,0,0,0,0,0,0
81,70,111,0.524,21.0996,0,71,-4,4.46042,51.5831,0,0,13,0,-255,0,0,0,0,0,0,0,0
82,48,112,0.53,19.998,0,71,-4,4.46041,51.5831,0,0,13,0,-255,0,0,0,0,0,0,0,0
83,48,113,0.534,18.9972,0,71,-4,4.46041,51.583,0,0,13,0,-255,0,0,0,0,0,0,0,0
84,0,113,0.539,18.7992,0,0,-4,4.46043,51.583,0,0,13,0,-255,0,0,0,0,0,0,0,0
85,0,114,0.543,15.9984,0,0,-4,4.46044,51.583,0,0,13,0,-255,0,0,0,0,0,0,0,0
86,0,113,0.548,15.498,0,0,-4,4.46045,51.5829,0,0,13,0,-255,0,0,0,0,0,0,0,0
87,0,113,0.552,15.498,0,0,-4,4.46044,51.5829,0,0,13,0,-255,0,0,0,0,0,0,0,0
88,51,112,0.559,18.5976,0,378,-4,4.46044,51.5828,0,0,13,0,54,0,0,0,0,0,0,0,0
89,57,111,0.564,19.6992,0,382,-4,4.46043,51.5828,0,0,13,0,52,0,0,0,0,0,0,0,0
90,62,109,0.571,21.9996,0,341,-4,4.46041,51.5827,0,0,13,0,49,0,0,0,0,0,0,0,0
91,67,108,0.578,23.0976,0,350,-5,4.4604,51.5826,0,-1.42857,13,0,48,0,0,0,0,0,0,0,0
92,77,108,0.585,23.7996,0,330,-5,4.4604,51.5826,0,-1.42857,13,0,46,0,0,0,0,0,0,0,0
93,81,109,0.592,25.2972,0,297,-5,4.46039,51.5825,0,-1.42857,13,0,47,0,0,0,0,0,0,0,0
94,83,109,0.6,25.7976,0,301,-5,4.46038,51.5825,0,-1.42857,13,0,46,0,0,0,0,0,0,0,0
95,84,111,0.607,27.0972,0,289,-5,4.46036,51.5824,0,-1.42857,13,0,48,0,0,0,0,0,0,0,0
96,88,113,0.615,28.3968,0,300,-5,4.46033,51.5823,0,-1.42857,13,0,46,0,0,0,0,0,0,0,0
97,90,114,0.624,29.3976,0,302,-5,4.4603,51.5822,0,-1.42857,13,0,46,0,0,0,0,0,0,0,0
98,93,115,0.632,29.898,0,296,-5,4.46026,51.5822,0,-1.42857,13,0,45,0,0,0,0,0,0,0,0
99,93,117,0.641,31.0968,0,256,-5,4.46023,51.5821,0,-1.42857,13,0,48,0,0,0,0,0,0,0,0
100,90,118,0.649,31.2984,0,242,-5,4.46019,51.582,0,-1.42857,13,0,48,0,0,0,0,0,0,0,0
101,84,119,0.658,31.3992,0,245,-5,4.46016,51.5819,0,0,13,0,47,0,0,0,0,0,0,0,0
102,82,119,0.667,31.2984,0,259,-5,4.46014,51.5819,0,0,13,0,49,0,0,0,0,0,0,0,0
103,82,120,0.677,31.3992,0,273,-5,4.46014,51.5818,0,0,13,0,47,0,0,0,0,0,0,0,0
104,82,120,0.685,32.0976,0,313,-4,4.46014,51.5817,0,1.25,13,0,45,0,0,0,0,0,0,0,0
105,83,120,0.693,32.0976,0,344,-4,4.46015,51.5816,0,1.25,13,0,46,0,0,0,0,0,0,0,0
106,83,121,0.702,31.8996,0,350,-4,4.46016,51.5816,0,1.25,13,0,47,0,0,0,0,0,0,0,0
107,83,122,0.711,31.8996,0,359,-4,4.46018,51.5815,0,1.25,13,0,46,0,0,0,0,0,0,0,0
108,83,123,0.721,31.8996,0,349,-4,4.46021,51.5814,0,1.25,13,0,45,0,0,0,0,0,0,0,0
109,84,123,0.73,32.6988,0,333,-4,4.46023,51.5813,0,1.25,13,0,45,0,0,0,0,0,0,0,0
110,84,123,0.741,32.6988,0,330,-4,4.46026,51.5812,0,1.25,13,0,46,0,0,0,0,0,0,0,0
111,85,124,0.751,34.2,0,330,-4,4.4603,51.5811,0,1.25,13,0,45,0,0,0,0,0,0,0,0
112,86,125,0.76,34.2,0,315,-4,4.46033,51.581,0,1.25,13,0,45,0,0,0,0,0,0,0,0
113,86,126,0.771,34.8984,0,322,-4,4.46037,51.5809,0,1.25,13,0,45,0,0,0,0,0,0,0,0
114,86,126,0.78,33.6996,0,340,-4,4.46041,51.5809,0,0,13,0,45,0,0,0,0,0,0,0,0
115,87,126,0.789,34.2972,0,344,-4,4.46045,51.5808,0,0,13,0,45,0,0,0,0,0,0,0,0
116,86,127,0.799,34.2972,0,329,-4,4.46049,51.5807,0,0,13,0,45,0,0,0,0,0,0,0,0
117,86,128,0.808,34.2972,0,330,-4,4.46054,51.5806,0,0,13,0,45,0,0,0,0,0,0,0,0
118,86,130,0.818,33.9984,0,333,-4,4.46059,51.5805,0,0,13,0,46,0,0,0,0,0,0,0,0
119,87,130,0.828,33.8976,0,326,-4,4.46063,51.5805,0,0,13,0,46,0,0,0,0,0,0,0,0
120,88,130,0.838,33.9984,0,321,-4,4.46068,51.5804,0,0,13,0,46,0,0,0,0,0,0,0,0
121,89,131,0.846,34.0992,0,316,-4,4.46073,51.5803,0,0,13,0,45,0,0,0,0,0,0,0,0
122,89,131,0.855,34.398,0,314,-4,4.46078,51.5802,0,0,13,0,45,0,0,0,0,0,0,0,0
123,89,132,0.865,34.4988,0,330,-4,4.46084,51.5802,0,0,13,0,45,0,0,0,0,0,0,0,0
124,90,133,0.874,34.4988,0,354,-4,4.46089,51.5801,0,0,13,0,45,0,0,0,0,0,0,0,0
125,89,133,0.883,34.4988,0,374,-4,4.46094,51.58,0,0,13,0,44,0,0,0,0,0,0,0,0
126,89,133,0.893,34.398,0,385,-4,4.46099,51.5799,0,0,13,0,45,0,0,0,0,0,0,0,0
127,90,134,0.901,34.2972,0,387,-4,4.46103,51.5798,0,0,13,0,45,0,0,0,0,0,0,0,0
128,90,134,0.911,34.398,0,383,-4,4.46109,51.5798,0,0,13,0,47,0,0,0,0,0,0,0,0
129,90,135,0.921,34.4988,0,370,-4,4.46115,51.5797,0,0,13,0,48,0,0,0,0,0,0,0,0
130,90,135,0.93,34.4988,0,343,-4,4.4612,51.5796,0,0,13,0,47,0,0,0,0,0,0,0,0
131,90,135,0.94,34.7976,0,253,-4,4.46127,51.5795,0,0,13,0,47,0,0,0,0,0,0,0,0
132,89,136,0.949,34.2,0,102,-4,4.46132,51.5795,0,0,13,0,51,0,0,0,0,0,0,0,0
133,81,137,0.958,33.498,0,101,-4,4.46137,51.5794,0,0,13,0,31,0,0,0,0,0,0,0,0
134,76,137,0.967,33.1992,0,231,-4,4.46142,51.5793,0,0,13,0,49,0,0,0,0,0,0,0,0
135,81,137,0.976,33.498,0,353,-4,4.46146,51.5792,0,0,13,0,35,0,0,0,0,0,0,0,0
136,84,137,0.985,32.4,0,323,-4,4.4615,51.5792,0,0,13,0,40,0,0,0,0,0,0,0,0
137,85,137,0.993,33.7968,0,327,-4,4.46155,51.5791,0,0,13,0,44,0,0,0,0,0,0,0,0
138,84,137,1.002,32.4972,0,318,-4,4.4616,51.579,0,0,13,0,42,0,0,0,0,0,0,0,0
139,86,138,1.012,33.7968,0,327,-4,4.46165,51.5789,0,0,13,0,43,0,0,0,0,0,0,0,0
140,87,138,1.022,33.8976,0,340,-4,4.4617,51.5788,0,0,13,0,43,0,0,0,0,0,0,0,0
141,88,138,1.031,34.4988,0,328,-4,4.46175,51.5788,0,0,13,0,44,0,0,0,0,0,0,0,0
142,89,138,1.041,34.4988,0,319,-4,4.46181,51.5787,0,0,13,0,43,0,0,0,0,0,0,0,0
143,90,139,1.05,34.4988,0,319,-4,4.46186,51.5786,0,0,13,0,45,0,0,0,0,0,0,0,0
144,90,139,1.06,34.2972,0,318,-4,4.46191,51.5785,0,0,13,0,45,0,0,0,0,0,0,0,0
145,89,140,1.069,34.2972,0,324,-4,4.46196,51.5785,0,0,13,0,45,0,0,0,0,0,0,0,0
146,89,140,1.078,34.4988,0,323,-4,4.46201,51.5784,0,0,13,0,45,0,0,0,0,0,0,0,0
147,89,140,1.088,34.4988,0,329,-4,4.46205,51.5783,0,0,13,0,44,0,0,0,0,0,0,0,0
148,89,139,1.097,34.4988,0,341,-3,4.46209,51.5782,0,1.11111,13,0,45,0,0,0,0,0,0,0,0
149,89,139,1.107,33.8976,0,354,-3,4.46212,51.5781,0,1.11111,13,0,44,0,0,0,0,0,0,0,0
150,90,140,1.117,34.4988,0,338,-3,4.46216,51.578,0,1.11111,13,0,45,0,0,0,0,0,0,0,0
151,90,141,1.126,34.0992,0,204,-3,4.4622,51.578,0,1.11111,13,0,49,0,0,0,0,0,0,0,0
152,81,141,1.136,34.0992,0,61,-3,4.46222,51.5779,0,1.11111,13,0,36,0,0,0,0,0,0,0,0
153,65,141,1.144,32.7996,0,61,-3,4.46225,51.5778,0,1.11111,13,0,-255,0,0,0,0,0,0,0,0
154,53,141,1.152,30.798,0,61,-3,4.46227,51.5777,0,1.11111,13,0,-255,0,0,0,0,0,0,0,0
155,47,141,1.161,30.798,0,61,-3,4.46231,51.5777,0,1.11111,13,0,-255,0,0,0,0,0,0,0,0
156,46,140,1.168,29.5992,0,61,-3,4.46234,51.5776,0,1.11111,13,0,-255,0,0,0,0,0,0,0,0
157,46,140,1.176,28.5984,0,61,-3,4.46237,51.5775,0,1.11111,13,0,-255,0,0,0,0,0,0,0,0
158,52,140,1.181,24.498,0,61,-3,4.46239,51.5775,0,0,13,0,-255,0,0,0,0,0,0,0,0
159,52,139,1.186,20.9988,0,61,-3,4.4624,51.5774,0,0,13,0,-255,0,0,0,0,0,0,0,0
160,0,139,1.191,16.7976,0,0,-3,4.46242,51.5774,0,0,13,0,-255,0,0,0,0,0,0,0,0
161,0,138,1.194,14.8968,0,0,-3,4.46244,51.5774,0,0,13,0,-255,0,0,0,0,0,0,0,0
162,0,138,1.198,13.0968,0,0,-3,4.46244,51.5773,0,0,13,0,-255,0,0,0,0,0,0,0,0
163,0,137,1.202,11.7972,0,0,-4,4.46246,51.5773,0,0,13,0,-255,0,0,0,0,0,0,0,0
164,0,136,1.204,11.2968,0,0,-4,4.46246,51.5773,0,0,13,0,-255,0,0,0,0,0,0,0,0
165,0,134,1.207,11.2968,0,0,-4,4.46248,51.5773,0,0,13,0,-255,0,0,0,0,0,0,0,0
166,0,132,1.211,11.5992,0,0,-4,4.46248,51.5772,0,0,13,0,-255,0,0,0,0,0,0,0,0
167,41,131,1.214,12.1968,0,22,-4,4.46249,51.5772,0,0,13,0,41,0,0,0,0,0,0,0,0
168,43,129,1.217,12.1968,0,64,-4,4.46249,51.5772,0,0,13,0,59,0,0,0,0,0,0,0,0
169,44,129,1.22,12.1968,0,50,-4,4.4625,51.5771,0,0,13,0,67,0,0,0,0,0,0,0,0
170,44,128,1.224,12.0996,0,22,-4,4.46252,51.5771,0,0,13,0,62,0,0,0,0,0,0,0,0
171,39,127,1.227,11.7972,0,39,-4,4.46254,51.5771,0,0,13,0,50,0,0,0,0,0,0,0,0
172,39,127,1.231,11.9988,0,39,-4,4.46256,51.577,0,0,13,0,50,0,0,0,0,0,0,0,0
173,55,126,1.234,11.9988,0,20,-4,4.46258,51.577,0,0,13,0,12,0,0,0,0,0,0,0,0
174,57,125,1.238,11.9988,0,22,-4,4.4626,51.577,0,0,13,0,13,0,0,0,0,0,0,0,0
175,58,124,1.242,13.0968,0,19,-4,4.46262,51.577,0,0,13,0,25,0,0,0,0,0,0,0,0
176,59,122,1.246,11.898,0,19,-4,4.46264,51.5769,0,0,13,0,-255,0,0,0,0,0,0,0,0
177,57,121,1.249,11.4984,0,19,-4,4.46266,51.5769,0,0,13,0,-255,0,0,0,0,0,0,0,0
178,57,119,1.252,11.4984,0,19,-4,4.46268,51.5769,0,0,13,0,-255,0,0,0,0,0,0,0,0
179,57,118,1.255,10.3968,0,19,-4,4.4627,51.5769,0,0,13,0,-255,0,0,0,0,0,0,0,0
180,57,117,1.258,10.3968,0,19,-4,4.46273,51.5768,0,0,13,0,-255,0,0,0,0,0,0,0,0
181,56,115,1.263,10.8,0,45,-4,4.46276,51.5768,0,0,13,0,-255,0,0,0,0,0,0,0,0
182,55,114,1.267,11.7,0,62,-4,4.46279,51.5768,0,0,13,0,-255,0,0,0,0,0,0,0,0
183,55,111,1.27,12.0996,0,55,-4,4.46282,51.5767,0,0,13,0,57,0,0,0,0,0,0,0,0
184,57,109,1.274,11.898,0,50,-4,4.46284,51.5767,0,0,13,0,51,0,0,0,0,0,0,0,0
185,57,106,1.278,11.898,0,47,-4,4.46287,51.5767,0,0,13,0,51,0,0,0,0,0,0,0,0
186,59,104,1.281,11.898,0,41,-4,4.4629,51.5767,0,0,13,0,49,0,0,0,0,0,0,0,0
187,60,103,1.285,12.2976,0,35,-4,4.46294,51.5766,0,0,13,0,49,0,0,0,0,0,0,0,0
188,60,101,1.288,12.2976,0,31,-4,4.46297,51.5766,0,0,13,0,48,0,0,0,0,0,0,0,0
189,60,101,1.291,11.4984,0,23,-4,4.463,51.5766,0,0,13,0,49,0,0,0,0,0,0,0,0
190,60,101,1.294,11.4984,0,23,-4,4.46303,51.5766,0,0,13,0,43,0,0,0,0,0,0,0,0
191,60,101,1.299,11.898,0,31,-4,4.46306,51.5765,0,0,13,0,38,0,0,0,0,0,0,0,0
192,61,101,1.302,11.898,0,23,-4,4.4631,51.5765,0,0,13,0,40,0,0,0,0,0,0,0,0
193,60,100,1.307,12.0996,0,23,-4,4.46313,51.5765,0,0,13,0,-255,0,0,0,0,0,0,0,0
194,60,99,1.31,12.2976,0,23,-4,4.46316,51.5765,0,0,13,0,-255,0,0,0,0,0,0,0,0
195,60,97,1.313,12.2976,0,23,-4,4.46319,51.5764,0,0,13,0,-255,0,0,0,0,0,0,0,0
196,0,96,1.316,10.6992,0,0,-4,4.46321,51.5764,0,0,13,0,-255,0,0,0,0,0,0,0,0
197,0,94,1.318,10.2996,0,0,-4,4.46323,51.5764,0,0,13,0,-255,0,0,0,0,0,0,0,0
198,0,92,1.321,10.098,0,0,-4,4.46325,51.5764,0,0,13,0,-255,0,0,0,0,0,0,0,0
199,0,92,1.325,9.9972,0,0,-4,4.46329,51.5764,0,0,13,0,-255,0,0,0,0,0,0,0,0
200,0,92,1.328,10.098,0,0,-4,4.46332,51.5763,0,0,13,0,-255,0,0,0,0,0,0,0,0
201,0,92,1.331,10.1988,0,0,-4,4.46335,51.5763,0,0,13,0,-255,0,0,0,0,0,0,0,0
202,52,93,1.334,10.2996,0,148,-4,4.46337,51.5763,0,0,13,0,-255,0,0,0,0,0,0,0,0
203,55,93,1.337,10.6992,0,112,-4,4.4634,51.5763,0,0,13,0,51,0,0,0,0,0,0,0,0
204,58,94,1.34,11.9988,0,123,-4,4.46343,51.5762,0,0,13,0,47,0,0,0,0,0,0,0,0
205,60,94,1.343,12.1968,0,131,-4,4.46346,51.5762,0,0,13,0,44,0,0,0,0,0,0,0,0
206,64,94,1.347,12.3984,0,158,-4,4.46349,51.5762,0,0,13,0,39,0,0,0,0,0,0,0,0
207,68,94,1.351,13.2984,0,163,-4,4.46353,51.5762,0,0,13,0,41,0,0,0,0,0,0,0,0
208,72,94,1.355,13.698,0,162,-4,4.46358,51.5761,0,0,13,0,44,0,0,0,0,0,0,0,0
209,74,94,1.36,14.1984,0,144,-4,4.46363,51.5761,0,0,13,0,45,0,0,0,0,0,0,0,0
210,76,94,1.365,15.1992,0,126,-4,4.46367,51.5761,0,0,13,0,46,0,0,0,0,0,0,0,0
211,77,95,1.369,15.1992,0,95,-4,4.46372,51.5761,0,0,13,0,47,0,0,0,0,0,0,0,0
212,77,95,1.372,14.8968,0,50,-4,4.46375,51.576,0,0,13,0,54,0,0,0,0,0,0,0,0
213,73,97,1.376,14.8968,0,74,-4,4.46379,51.576,0,0,13,0,47,0,0,0,0,0,0,0,0
214,68,99,1.381,14.9976,0,184,-4,4.46384,51.576,0,0,13,0,48,0,0,0,0,0,0,0,0
215,65,99,1.386,17.1,0,134,-4,4.46388,51.5759,0,0,13,0,46,0,0,0,0,0,0,0,0
216,65,100,1.391,17.1,0,98,-4,4.46393,51.5759,0,0,13,0,47,0,0,0,0,0,0,0,0
217,66,100,1.396,16.7976,0,132,-4,4.46397,51.5759,0,0,13,0,51,0,0,0,0,0,0,0,0
218,67,101,1.401,16.2972,0,137,-4,4.46401,51.5758,0,0,13,0,52,0,0,0,0,0,0,0,0
219,67,101,1.405,16.2972,0,121,-4,4.46406,51.5758,0,0,13,0,52,0,0,0,0,0,0,0,0
220,68,101,1.411,16.8984,0,155,-4,4.4641,51.5758,0,0,13,0,51,0,0,0,0,0,0,0,0
221,68,101,1.415,16.8984,0,153,-4,4.46414,51.5757,0,0,13,0,45,0,0,0,0,0,0,0,0
222,68,101,1.421,16.6968,0,139,-4,4.46417,51.5757,0,0,13,0,46,0,0,0,0,0,0,0,0
223,69,102,1.425,16.6968,0,118,-4,4.46421,51.5757,0,0,13,0,43,0,0,0,0,0,0,0,0
224,69,104,1.429,16.6968,0,159,-4,4.46424,51.5756,0,0,13,0,43,0,0,0,0,0,0,0,0
225,70,104,1.434,16.4988,0,168,-4,4.46426,51.5756,0,0,13,0,45,0,0,0,0,0,0,0,0
226,71,104,1.44,16.8984,0,147,-4,4.46429,51.5755,0,0,13,0,45,0,0,0,0,0,0,0,0
227,73,104,1.445,16.8984,0,156,-4,4.46432,51.5755,0,0,13,0,46,0,0,0,0,0,0,0,0
228,73,103,1.45,17.4996,0,152,-4,4.46436,51.5755,0,0,13,0,47,0,0,0,0,0,0,0,0
229,74,103,1.455,17.4996,0,146,-4,4.46439,51.5754,0,0,13,0,46,0,0,0,0,0,0,0,0
230,74,102,1.46,18.4968,0,127,-5,4.46442,51.5754,0,0,13,0,44,0,0,0,0,0,0,0,0
231,74,102,1.465,18.4968,0,127,-5,4.46445,51.5753,0,0,13,0,45,0,0,0,0,0,0,0,0
232,74,102,1.47,18.198,0,132,-5,4.46449,51.5753,0,0,13,0,45,0,0,0,0,0,0,0,0
233,74,103,1.475,17.3988,0,136,-5,4.46452,51.5753,0,0,13,0,45,0,0,0,0,0,0,0,0
234,73,104,1.48,17.3988,0,133,-5,4.46454,51.5752,0,0,13,0,46,0,0,0,0,0,0,0,0
235,73,105,1.485,16.7976,0,143,-5,4.46458,51.5752,0,0,13,0,46,0,0,0,0,0,0,0,0
236,72,105,1.49,16.7976,0,155,-5,4.46462,51.5751,0,0,13,0,46,0,0,0,0,0,0,0,0
237,72,105,1.494,16.398,0,157,-4,4.46465,51.5751,0,0,13,0,45,0,0,0,0,0,0,0,0
238,72,106,1.498,16.2,0,153,-4,4.46468,51.5751,0,0,13,0,45,0,0,0,0,0,0,0,0
239,72,105,1.502,15.6996,0,126,-4,4.46472,51.575,0,0,13,0,45,0,0,0,0,0,0,0,0
240,72,105,1.506,15.3,0,123,-4,4.46475,51.575,0,0,13,0,46,0,0,0,0,0,0,0,0
241,71,105,1.511,15.6996,0,128,-4,4.46478,51.575,0,0,13,0,47,0,0,0,0,0,0,0,0
242,72,105,1.514,14.0976,0,116,-4,4.46481,51.575,0,0,13,0,46,0,0,0,0,0,0,0,0
243,72,105,1.519,16.2972,0,115,-4,4.46485,51.5749,0,0,13,0,46,0,0,0,0,0,0,0,0
244,73,106,1.523,16.2,0,130,-4,4.46489,51.5749,0,0,13,0,46,0,0,0,0,0,0,0,0
245,73,106,1.529,16.4988,0,135,-4,4.46494,51.5749,0,0,13,0,46,0,0,0,0,0,0,0,0
246,73,106,1.533,16.2,0,129,-4,4.46499,51.5748,0,0,13,0,48,0,0,0,0,0,0,0,0
247,73,105,1.539,16.6968,0,126,-4,4.46504,51.5748,0,0,13,0,44,0,0,0,0,0,0,0,0
248,73,105,1.544,17.7984,0,125,-4,4.4651,51.5747,0,0,13,0,42,0,0,0,0,0,0,0,0
249,72,104,1.55,17.7984,0,148,-4,4.46516,51.5747,0,0,13,0,44,0,0,0,0,0,0,0,0
250,71,104,1.555,17.7984,0,149,-4,4.46522,51.5747,0,0,13,0,42,0,0,0,0,0,0,0,0
251,71,104,1.561,17.4996,0,129,-4,4.46528,51.5746,0,0,13,0,45,0,0,0,0,0,0,0,0
252,71,104,1.567,17.7984,0,134,-4,4.46534,51.5746,0,0,13,0,44,0,0,0,0,0,0,0,0
253,71,105,1.573,17.7984,0,137,-4,4.46539,51.5746,0,0,13,0,44,0,0,0,0,0,0,0,0
254,71,105,1.579,18.198,0,134,-4,4.46545,51.5745,0,0,13,0,44,0,0,0,0,0,0,0,0
255,71,106,1.584,18.2988,0,141,-4,4.46551,51.5745,0,0,13,0,45,0,0,0,0,0,0,0,0
256,72,106,1.589,18.2988,0,139,-4,4.46556,51.5745,0,0,13,0,44,0,0,0,0,0,0,0,0
257,72,105,1.594,17.4996,0,144,-4,4.46561,51.5744,0,0,13,0,44,0,0,0,0,0,0,0,0
258,72,104,1.599,17.3988,0,150,-4,4.46566,51.5744,0,0,13,0,44,0,0,0,0,0,0,0,0
259,72,104,1.604,17.4996,0,154,-4,4.46571,51.5744,0,0,13,0,44,0,0,0,0,0,0,0,0
260,72,104,1.609,17.4996,0,161,-4,4.46577,51.5743,0,0,13,0,45,0,0,0,0,0,0,0,0
261,71,104,1.614,17.4996,0,177,-4,4.46582,51.5743,0,0,13,0,46,0,0,0,0,0,0,0,0
262,71,105,1.619,17.5968,0,165,-4,4.46587,51.5743,0,0,13,0,46,0,0,0,0,0,0,0,0
263,71,105,1.625,16.9992,0,154,-4,4.46592,51.5742,0,0,13,0,48,0,0,0,0,0,0,0,0
264,70,106,1.629,16.9992,0,167,-4,4.46598,51.5742,0,0,13,0,49,0,0,0,0,0,0,0,0
265,71,108,1.634,16.2972,0,169,-4,4.46604,51.5742,0,0,13,0,48,0,0,0,0,0,0,0,0
266,71,108,1.639,16.9992,0,140,-4,4.4661,51.5742,0,0,13,0,48,0,0,0,0,0,0,0,0
267,72,107,1.644,17.7984,0,152,-4,4.46616,51.5742,0,0,13,0,45,0,0,0,0,0,0,0,0
268,72,107,1.649,17.7984,0,162,-4,4.46622,51.5741,0,0,13,0,44,0,0,0,0,0,0,0,0
269,72,107,1.654,17.7984,0,138,-4,4.46627,51.5741,0,0,13,0,45,0,0,0,0,0,0,0,0
270,71,106,1.658,17.1972,0,130,-4,4.46631,51.5741,0,0,13,0,45,0,0,0,0,0,0,0,0
271,71,106,1.663,16.0992,0,175,-4,4.46636,51.574,0,0,13,0,46,0,0,0,0,0,0,0,0
272,71,107,1.669,16.0992,0,169,-4,4.4664,51.574,0,0,13,0,47,0,0,0,0,0,0,0,0
273,70,107,1.674,17.4996,0,140,-4,4.46644,51.574,0,0,13,0,44,0,0,0,0,0,0,0,0
274,72,108,1.68,17.5968,0,136,-4,4.4665,51.5739,0,0,13,0,45,0,0,0,0,0,0,0,0
275,72,109,1.685,17.5968,0,127,-4,4.46654,51.5739,0,0,13,0,43,0,0,0,0,0,0,0,0
276,72,109,1.69,17.6976,0,138,-5,4.46659,51.5738,0,0,13,0,44,0,0,0,0,0,0,0,0
277,72,109,1.696,18.2988,0,153,-5,4.46664,51.5738,0,0,13,0,45,0,0,0,0,0,0,0,0
278,73,110,1.7,18.2988,0,151,-5,4.46668,51.5738,0,0,13,0,46,0,0,0,0,0,0,0,0
279,74,109,1.705,17.298,0,159,-5,4.46672,51.5737,0,0,13,0,48,0,0,0,0,0,0,0,0
280,74,109,1.71,17.298,0,176,-5,4.46677,51.5737,0,0,13,0,47,0,0,0,0,0,0,0,0
281,73,109,1.715,16.9992,0,170,-5,4.46682,51.5737,0,0,13,0,47,0,0,0,0,0,0,0,0
282,73,109,1.72,16.9992,0,170,-5,4.46688,51.5736,0,0,13,0,47,0,0,0,0,0,0,0,0
283,72,109,1.724,16.0992,0,184,-5,4.46692,51.5736,0,0,13,0,44,0,0,0,0,0,0,0,0
284,69,110,1.73,16.0992,0,179,-5,4.46695,51.5736,0,0,13,0,45,0,0,0,0,0,0,0,0
285,68,109,1.735,16.2972,0,136,-5,4.46698,51.5735,0,0,13,0,45,0,0,0,0,0,0,0,0
286,68,109,1.741,17.1972,0,118,-5,4.46702,51.5735,0,0,13,0,46,0,0,0,0,0,0,0,0
287,67,110,1.746,17.1972,0,116,-5,4.46704,51.5734,0,0,13,0,47,0,0,0,0,0,0,0,0
288,67,110,1.751,16.7976,0,107,-5,4.46707,51.5734,0,0,13,0,49,0,0,0,0,0,0,0,0
289,67,110,1.756,16.5996,0,91,-5,4.4671,51.5733,0,0,13,0,50,0,0,0,0,0,0,0,0
290,67,110,1.762,16.2972,0,91,-5,4.46714,51.5733,0,0,13,0,50,0,0,0,0,0,0,0,0
291,67,109,1.767,16.2972,0,37,-5,4.46717,51.5733,0,0,14,0,54,0,0,0,0,0,0,0,0
292,67,108,1.771,16.2,0,37,-5,4.46721,51.5732,0,0,14,0,54,0,0,0,0,0,0,0,0
293,67,108,1.776,15.0984,0,37,-4,4.46724,51.5732,0,2,14,0,54,0,0,0,0,0,0,0,0
294,60,107,1.78,14.598,0,41,-4,4.46728,51.5732,0,2,14,0,-255,0,0,0,0,0,0,0,0
295,60,107,1.784,14.1984,0,93,-4,4.46731,51.5731,0,2,14,0,-255,0,0,0,0,0,0,0,0
296,60,107,1.788,13.7988,0,88,-4,4.46734,51.5731,0,2,14,0,-255,0,0,0,0,0,0,0,0
297,60,107,1.792,13.7988,0,68,-4,4.46738,51.5731,0,2,14,0,48,0,0,0,0,0,0,0,0
298,59,107,1.796,13.7988,0,80,-4,4.46741,51.573,0,2,14,0,48,0,0,0,0,0,0,0,0
299,58,106,1.799,13.7988,0,99,-4,4.46744,51.573,0,2,14,0,46,0,0,0,0,0,0,0,0
300,58,105,1.803,13.7988,0,99,-4,4.46747,51.573,0,2,14,0,47,0,0,0,0,0,0,0,0
301,58,104,1.808,14.2992,0,99,-4,4.4675,51.573,0,2,14,0,47,0,0,0,0,0,0,0,0
302,59,101,1.811,14.2992,0,83,-4,4.46754,51.5729,0,2,14,0,45,0,0,0,0,0,0,0,0
303,60,100,1.816,13.8996,0,86,-4,4.46757,51.5729,0,0,14,0,45,0,0,0,0,0,0,0,0
304,60,100,1.82,13.8996,0,87,-4,4.4676,51.5729,0,0,14,0,45,0,0,0,0,0,0,0,0
305,60,100,1.824,14.598,0,92,-4,4.46763,51.5728,0,0,14,0,46,0,0,0,0,0,0,0,0
306,61,101,1.828,14.6988,0,95,-4,4.46766,51.5728,0,0,14,0,45,0,0,0,0,0,0,0,0
307,62,101,1.832,14.598,0,94,-4,4.46769,51.5728,0,0,14,0,46,0,0,0,0,0,0,0,0
308,62,102,1.836,15.1992,0,94,-4,4.46772,51.5727,0,0,14,0,46,0,0,0,0,0,0,0,0
309,63,102,1.84,14.8968,0,74,-4,4.46774,51.5727,0,0,14,0,46,0,0,0,0,0,0,0,0
310,62,102,1.844,15.1992,0,81,-4,4.46777,51.5727,0,0,14,0,48,0,0,0,0,0,0,0,0
311,62,102,1.849,15.5988,0,81,-4,4.46779,51.5726,0,0,14,0,48,0,0,0,0,0,0,0,0
312,61,102,1.854,15.6996,0,85,-4,4.46781,51.5726,0,0,14,0,47,0,0,0,0,0,0,0,0
313,63,102,1.859,15.6996,0,81,-4,4.46783,51.5726,0,0,14,0,45,0,0,0,0,0,0,0,0
314,63,102,1.863,16.0992,0,81,-4,4.46786,51.5725,0,0,14,0,45,0,0,0,0,0,0,0,0
315,63,102,1.868,16.6968,0,85,-4,4.46788,51.5725,0,0,14,0,45,0,0,0,0,0,0,0,0
316,64,101,1.872,16.6968,0,88,-4,4.4679,51.5724,0,0,14,0,46,0,0,0,0,0,0,0,0
317,63,101,1.876,16.0992,0,88,-4,4.46792,51.5724,0,0,14,0,46,0,0,0,0,0,0,0,0
318,63,101,1.881,16.0992,0,93,-4,4.46794,51.5724,0,0,14,0,47,0,0,0,0,0,0,0,0
319,63,101,1.886,15.6996,0,93,-4,4.46797,51.5723,0,0,14,0,47,0,0,0,0,0,0,0,0
320,64,101,1.89,16.0992,0,74,-4,4.46799,51.5723,0,0,14,0,45,0,0,0,0,0,0,0,0
321,64,101,1.895,15.7968,0,65,-4,4.46801,51.5722,0,0,14,0,44,0,0,0,0,0,0,0,0
322,63,101,1.9,15.7968,0,78,-4,4.46803,51.5722,0,0,14,0,44,0,0,0,0,0,0,0,0
323,63,101,1.904,15.1992,0,86,-4,4.46805,51.5722,0,0,14,0,43,0,0,0,0,0,0,0,0
324,63,101,1.909,15.1992,0,73,-4,4.46807,51.5721,0,0,14,0,44,0,0,0,0,0,0,0,0
325,63,102,1.914,15.6996,0,68,-4,4.46809,51.5721,0,0,14,0,45,0,0,0,0,0,0,0,0
326,63,102,1.918,15.6996,0,81,-4,4.4681,51.572,0,0,14,0,46,0,0,0,0,0,0,0,0
327,62,102,1.922,14.9976,0,87,-4,4.46812,51.572,0,0,14,0,46,0,0,0,0,0,0,0,0
328,63,102,1.927,14.9976,0,87,-4,4.46814,51.572,0,0,14,0,45,0,0,0,0,0,0,0,0
329,62,101,1.931,14.7996,0,94,-4,4.46816,51.5719,0,0,14,0,47,0,0,0,0,0,0,0,0
330,62,101,1.936,14.7996,0,89,-4,4.46819,51.5719,0,0,14,0,49,0,0,0,0,0,0,0,0
331,62,100,1.94,14.7996,0,72,-4,4.46821,51.5719,0,0,14,0,49,0,0,0,0,0,0,0,0
332,62,100,1.944,14.598,0,80,-4,4.46822,51.5718,0,0,14,0,47,0,0,0,0,0,0,0,0
333,61,100,1.948,14.4,0,88,-4,4.46824,51.5718,0,0,14,0,46,0,0,0,0,0,0,0,0
334,61,99,1.951,13.3992,0,83,-4,4.46826,51.5718,0,0,14,0,46,0,0,0,0,0,0,0,0
335,61,99,1.955,12.798,0,71,-4,4.46828,51.5717,0,0,14,0,46,0,0,0,0,0,0,0,0
336,61,99,1.959,12.798,0,68,-4,4.4683,51.5717,0,0,14,0,50,0,0,0,0,0,0,0,0
337,61,97,1.963,12.798,0,77,-4,4.46832,51.5717,0,0,14,0,50,0,0,0,0,0,0,0,0
338,61,96,1.968,12.798,0,87,-4,4.46834,51.5716,0,0,14,0,48,0,0,0,0,0,0,0,0
339,61,95,1.971,12.798,0,100,-4,4.46835,51.5716,0,0,14,0,47,0,0,0,0,0,0,0,0
340,61,95,1.975,12.8988,0,102,-4,4.46837,51.5716,0,0,14,0,47,0,0,0,0,0,0,0,0
341,62,95,1.979,12.8988,0,94,-4,4.46839,51.5715,0,0,14,0,45,0,0,0,0,0,0,0,0
342,63,97,1.982,12.0996,0,85,-4,4.4684,51.5715,0,0,14,0,44,0,0,0,0,0,0,0,0
343,63,97,1.986,12.0996,0,86,-4,4.46841,51.5715,0,0,14,0,45,0,0,0,0,0,0,0,0
344,63,98,1.99,12.4992,0,86,-4,4.46842,51.5714,0,0,14,0,46,0,0,0,0,0,0,0,0
345,64,98,1.994,12.8988,0,83,-4,4.46844,51.5714,0,0,14,0,48,0,0,0,0,0,0,0,0
346,63,98,1.998,12.8988,0,86,-4,4.46846,51.5714,0,0,14,0,49,0,0,0,0,0,0,0,0
347,63,97,2.003,13.5,0,106,-4,4.46849,51.5713,0,0,14,0,49,0,0,0,0,0,0,0,0
348,63,95,2.007,14.2992,0,106,-4,4.4685,51.5713,0,0,14,0,49,0,0,0,0,0,0,0,0
349,63,95,2.011,14.2992,0,109,-4,4.46852,51.5712,0,0,14,0,47,0,0,0,0,0,0,0,0
350,63,95,2.015,13.698,0,92,-4,4.46853,51.5712,0,0,14,0,47,0,0,0,0,0,0,0,0
351,63,94,2.019,13.5972,0,90,-4,4.46854,51.5712,0,0,14,0,48,0,0,0,0,0,0,0,0
352,63,93,2.023,13.3992,0,91,-4,4.46857,51.5711,0,0,14,0,49,0,0,0,0,0,0,0,0
353,63,93,2.028,13.5972,0,92,-4,4.4686,51.5711,0,0,14,0,48,0,0,0,0,0,0,0,0
354,63,95,2.033,13.8996,0,80,-4,4.46862,51.5711,0,0,14,0,49,0,0,0,0,0,0,0,0
355,63,96,2.037,13.8996,0,59,-4,4.46864,51.571,0,0,14,0,51,0,0,0,0,0,0,0,0
356,62,98,2.042,13.2984,0,75,-4,4.46866,51.571,0,0,14,0,51,0,0,0,0,0,0,0,0
357,61,98,2.048,13.2984,0,94,-4,4.46869,51.5709,0,0,14,0,50,0,0,0,0,0,0,0,0
358,60,98,2.052,14.0976,0,89,-4,4.46872,51.5709,0,0,14,0,49,0,0,0,0,0,0,0,0
359,61,98,2.058,15.5988,0,95,-3,4.46875,51.5709,0,1.66667,14,0,48,0,0,0,0,0,0,0,0
360,62,97,2.063,15.7968,0,112,-3,4.46878,51.5708,0,1.66667,14,0,44,0,0,0,0,0,0,0,0
361,62,97,2.067,15.7968,0,126,-3,4.4688,51.5708,0,1.66667,14,0,46,0,0,0,0,0,0,0,0
362,62,97,2.072,15.0984,0,139,-3,4.46883,51.5707,0,1.66667,14,0,45,0,0,0,0,0,0,0,0
363,62,98,2.078,15.0984,0,165,-3,4.46887,51.5707,0,1.66667,14,0,45,0,0,0,0,0,0,0,0
364,61,98,2.084,15.1992,0,183,-3,4.4689,51.5706,0,1.66667,14,0,46,0,0,0,0,0,0,0,0
365,61,98,2.088,15.1992,0,173,-3,4.46893,51.5706,0,1.66667,14,0,46,0,0,0,0,0,0,0,0
366,62,98,2.092,15.1992,0,152,-3,4.46896,51.5706,0,1.66667,14,0,43,0,0,0,0,0,0,0,0
367,62,98,2.097,15.3,0,139,-3,4.46898,51.5705,0,1.66667,14,0,42,0,0,0,0,0,0,0,0
368,62,97,2.102,15.3,0,148,-3,4.469,51.5705,0,1.66667,15,0,43,0,0,0,0,0,0,0,0
369,62,96,2.106,15.3972,0,158,-3,4.46903,51.5705,0,0,15,0,44,0,0,0,0,0,0,0,0
370,62,96,2.111,15.0984,0,150,-3,4.46906,51.5704,0,0,15,0,46,0,0,0,0,0,0,0,0
371,62,97,2.116,15.0984,0,146,-3,4.46908,51.5704,0,0,15,0,47,0,0,0,0,0,0,0,0
372,61,97,2.119,15.0984,0,168,-3,4.4691,51.5703,0,0,15,0,46,0,0,0,0,0,0,0,0
373,61,99,2.124,15.498,0,171,-3,4.46912,51.5703,0,0,15,0,46,0,0,0,0,0,0,0,0
374,61,99,2.128,15.498,0,153,-3,4.46914,51.5703,0,0,15,0,46,0,0,0,0,0,0,0,0
375,61,100,2.132,14.9976,0,153,-3,4.46916,51.5702,0,0,15,0,46,0,0,0,0,0,0,0,0
376,60,100,2.136,13.7988,0,161,-3,4.46917,51.5702,0,0,15,0,46,0,0,0,0,0,0,0,0
377,60,100,2.139,13.7988,0,158,-2,4.46918,51.5702,0,0,15,0,46,0,0,0,0,0,0,0,0
378,60,100,2.143,13.7988,0,165,-2,4.4692,51.5701,0,0,15,0,47,0,0,0,0,0,0,0,0
379,59,101,2.147,13.3992,0,203,-2,4.46923,51.5701,0,0,15,0,45,0,0,0,0,0,0,0,0
380,57,101,2.15,13.0968,0,220,-2,4.46925,51.5701,0,0,15,0,47,0,0,0,0,0,0,0,0
381,56,102,2.155,13.3992,0,219,-2,4.46927,51.57,0,0,15,0,46,0,0,0,0,0,0,0,0
382,55,103,2.159,14.6988,0,225,-2,4.46929,51.57,0,0,15,0,45,0,0,0,0,0,0,0,0
383,57,103,2.163,14.6988,0,225,-2,4.46931,51.57,0,0,15,0,46,0,0,0,0,0,0,0,0
384,58,103,2.167,14.4,0,198,-2,4.46933,51.5699,0,0,15,0,46,0,0,0,0,0,0,0,0
385,60,104,2.171,14.2992,0,158,-2,4.46934,51.5699,0,0,15,0,45,0,0,0,0,0,0,0,0
386,62,104,2.175,14.2992,0,118,-2,4.46937,51.5699,0,0,15,0,47,0,0,0,0,0,0,0,0
387,63,104,2.179,14.4972,0,139,-2,4.46939,51.5698,0,0,15,0,45,0,0,0,0,0,0,0,0
388,63,105,2.184,14.9976,0,159,-2,4.46942,51.5698,0,0,15,0,42,0,0,0,0,0,0,0,0
389,62,107,2.189,15.498,0,136,-2,4.46945,51.5698,0,0,15,0,42,0,0,0,0,0,0,0,0
390,62,107,2.192,15.498,0,136,-2,4.46947,51.5697,0,0,15,0,42,0,0,0,0,0,0,0,0
391,61,108,2.196,13.698,0,54,-2,4.4695,51.5697,0,0,15,0,44,0,0,0,0,0,0,0,0
392,61,109,2.199,12.0996,0,54,-2,4.46951,51.5697,0,0,15,0,44,0,0,0,0,0,0,0,0
393,0,109,2.202,10.6992,0,0,-2,4.46953,51.5697,0,0,15,0,44,0,0,0,0,0,0,0,0
394,0,110,2.205,10.2996,0,0,-2,4.46956,51.5696,0,0,15,0,44,0,0,0,0,0,0,0,0
395,0,110,2.209,9.7992,0,0,-1,4.46957,51.5696,0,0,15,0,-255,0,0,0,0,0,0,0,0
396,38,110,2.212,9.7992,0,127,-1,4.4696,51.5696,0,0,15,0,-255,0,0,0,0,0,0,0,0
397,41,111,2.214,10.098,0,214,-1,4.46962,51.5696,0,0,15,0,41,0,0,0,0,0,0,0,0
398,45,111,2.218,10.8972,0,162,-1,4.46965,51.5695,0,0,15,0,45,0,0,0,0,0,0,0,0
399,50,110,2.222,12.0996,0,208,-1,4.46967,51.5695,0,0,15,0,46,0,0,0,0,0,0,0,0
400,53,110,2.226,12.3984,0,250,-1,4.46968,51.5695,0,0,15,0,46,0,0,0,0,0,0,0,0
401,54,110,2.228,12.3984,0,217,-1,4.4697,51.5694,0,0,15,0,46,0,0,0,0,0,0,0,0
402,57,110,2.232,12.3984,0,154,-1,4.46971,51.5694,0,0,15,0,48,0,0,0,0,0,0,0,0
403,45,110,2.236,12.2976,0,241,-1,4.46973,51.5694,0,0,15,0,46,0,0,0,0,0,0,0,0
404,55,110,2.24,12.2976,0,290,-1,4.46974,51.5693,0,0,15,0,48,0,0,0,0,0,0,0,0
405,57,110,2.244,13.698,0,280,-1,4.46976,51.5693,0,0,15,0,46,0,0,0,0,0,0,0,0
406,62,111,2.249,15.8976,0,213,-1,4.46978,51.5693,0,0,15,0,47,0,0,0,0,0,0,0,0
407,62,111,2.254,16.4988,0,213,-1,4.46981,51.5692,0,0,15,0,47,0,0,0,0,0,0,0,0
408,68,112,2.26,17.7984,0,166,-1,4.46985,51.5692,0,0,15,0,43,0,0,0,0,0,0,0,0
409,73,113,2.265,17.7984,0,110,-1,4.46987,51.5691,0,0,15,0,43,0,0,0,0,0,0,0,0
410,72,114,2.27,16.6968,0,51,-1,4.4699,51.5691,0,0,15,0,51,0,0,0,0,0,0,0,0
411,72,115,2.275,15.6996,0,10,-1,4.46991,51.569,0,0,15,0,49,0,0,0,0,0,0,0,0
412,45,116,2.278,15.3,0,10,0,4.46994,51.569,0,0,15,0,-255,0,0,0,0,0,0,0,0
413,45,117,2.283,15.1992,0,10,0,4.46995,51.569,0,0,15,0,-255,0,0,0,0,0,0,0,0
414,48,117,2.287,13.7988,0,10,0,4.46997,51.5689,0,0,15,0,-255,0,0,0,0,0,0,0,0
415,50,116,2.291,13.0968,0,10,0,4.46999,51.5689,0,0,15,0,-255,0,0,0,0,0,0,0,0
416,50,115,2.294,11.9988,0,10,0,4.47,51.5689,0,0,15,0,-255,0,0,0,0,0,0,0,0
417,46,115,2.297,11.898,0,30,0,4.47002,51.5689,0,0,15,0,31,0,0,0,0,0,0,0,0
418,42,114,2.3,11.7972,0,44,1,4.47004,51.5688,0,0,15,0,45,0,0,0,0,0,0,0,0
419,45,113,2.304,11.1996,0,38,1,4.47005,51.5688,0,0,15,0,48,0,0,0,0,0,0,0,0
420,46,112,2.307,11.1996,0,34,1,4.47006,51.5688,0,0,15,0,34,0,0,0,0,0,0,0,0
421,47,111,2.311,11.2968,0,34,1,4.47008,51.5687,0,0,15,0,51,0,0,0,0,0,0,0,0
422,46,110,2.314,11.2968,0,44,1,4.47009,51.5687,0,0,15,0,49,0,0,0,0,0,0,0,0
423,44,109,2.317,10.5984,0,48,1,4.47011,51.5687,0,0,15,0,53,0,0,0,0,0,0,0,0
424,44,108,2.32,10.4976,0,39,1,4.47013,51.5687,0,0,15,0,51,0,0,0,0,0,0,0,0
425,44,107,2.323,10.3968,0,48,1,4.47015,51.5686,0,0,15,0,41,0,0,0,0,0,0,0,0
426,44,107,2.326,10.3968,0,47,1,4.47017,51.5686,0,0,15,0,40,0,0,0,0,0,0,0,0
427,45,106,2.329,10.098,0,60,1,4.47018,51.5686,0,0,15,0,42,0,0,0,0,0,0,0,0
428,45,105,2.333,10.8,0,68,1,4.4702,51.5686,0,0,15,0,44,0,0,0,0,0,0,0,0
429,46,104,2.336,10.998,0,39,2,4.47021,51.5685,0,0,15,0,49,0,0,0,0,0,0,0,0
430,48,102,2.339,12.1968,0,59,2,4.47023,51.5685,0,0,15,0,44,0,0,0,0,0,0,0,0
431,50,102,2.343,12.6,0,64,2,4.47025,51.5685,0,0,15,0,41,0,0,0,0,0,0,0,0
432,50,100,2.347,12.8988,0,89,2,4.47027,51.5684,0,0,15,0,35,0,0,0,0,0,0,0,0
433,53,98,2.352,13.9968,0,162,2,4.4703,51.5684,0,0,15,0,38,0,0,0,0,0,0,0,0
434,58,97,2.357,16.398,0,190,2,4.47033,51.5684,0,0,15,0,41,0,0,0,0,0,0,0,0
435,62,97,2.363,16.4988,0,137,2,4.47036,51.5683,0,0,15,0,40,0,0,0,0,0,0,0,0
436,68,97,2.368,18.2988,0,149,2,4.47038,51.5683,0,0,15,0,45,0,0,0,0,0,0,0,0
437,73,97,2.373,19.1988,0,103,2,4.47041,51.5682,0,0,15,0,35,0,0,0,0,0,0,0,0
438,74,98,2.379,19.6992,0,54,2,4.47044,51.5682,0,0,15,0,34,0,0,0,0,0,0,0,0
439,74,98,2.385,19.1988,0,34,2,4.47047,51.5681,0,0,15,0,27,0,0,0,0,0,0,0,0
440,74,98,2.391,19.6992,0,18,2,4.47049,51.5681,0,0,15,0,25,0,0,0,0,0,0,0,0
441,74,98,2.396,19.8972,0,18,2,4.47053,51.568,0,0,15,0,25,0,0,0,0,0,0,0,0
442,0,97,2.401,19.8972,0,0,2,4.47056,51.568,0,0,15,0,25,0,0,0,0,0,0,0,0
443,0,97,2.407,19.4976,0,0,2,4.47059,51.5679,0,0,15,0,25,0,0,0,0,0,0,0,0
444,0,97,2.412,19.4976,0,0,2,4.47062,51.5679,0,0,15,0,-255,0,0,0,0,0,0,0,0
445,0,97,2.418,20.0988,0,0,2,4.47065,51.5678,0,0,15,0,-255,0,0,0,0,0,0,0,0
446,0,97,2.424,20.3976,0,0,2,4.47068,51.5678,0,0,15,0,-255,0,0,0,0,0,0,0,0
447,0,97,2.431,20.3976,0,0,2,4.47071,51.5677,0,0,15,0,-255,0,0,0,0,0,0,0,0
448,0,97,2.436,20.9988,0,0,1,4.47074,51.5677,0,0,15,0,-255,0,0,0,0,0,0,0,0
449,0,97,2.442,21.8988,0,0,1,4.47077,51.5676,0,0,15,0,-255,0,0,0,0,0,0,0,0
450,0,97,2.449,20.9988,0,0,1,4.4708,51.5676,0,0,15,0,-255,0,0,0,0,0,0,0,0
451,0,97,2.454,20.9988,0,0,1,4.47083,51.5675,0,0,15,0,-255,0,0,0,0,0,0,0,0
452,0,97,2.459,20.7972,0,0,1,4.47085,51.5675,0,0,15,0,-255,0,0,0,0,0,0,0,0
453,0,96,2.464,19.3968,0,0,1,4.47088,51.5675,0,0,15,0,-255,0,0,0,0,0,0,0,0
454,0,96,2.468,16.2972,0,0,1,4.4709,51.5674,0,0,15,0,-255,0,0,0,0,0,0,0,0
455,0,95,2.471,13.3992,0,0,0,4.47092,51.5674,0,0,15,0,-255,0,0,0,0,0,0,0,0
456,0,95,2.474,11.7,0,0,0,4.47093,51.5674,0,0,15,0,-255,0,0,0,0,0,0,0,0
457,0,95,2.477,10.3968,0,0,0,4.47093,51.5673,0,0,15,0,-255,0,0,0,0,0,0,0,0
458,0,95,2.479,9.2988,0,0,0,4.47094,51.5673,0,0,15,0,-255,0,0,0,0,0,0,0,0
459,0,93,2.481,9.0972,0,0,0,4.47095,51.5673,0,0,15,0,-255,0,0,0,0,0,0,0,0
460,0,91,2.482,0,0,0,-1,4.47095,51.5673,0,0,15,0,-255,0,0,0,0,0,0,0,0
461,0,86,2.484,0,0,0,-1,4.47095,51.5673,0,0,15,0,-255,0,0,0,0,0,0,0,0
479,0,84,2.486,6.1992,0,0,-1,4.47095,51.5673,0,0,15,0,-255,0,0,0,0,0,0,0,0
480,36,83,2.49,8.6976,0,106,-1,4.47097,51.5672,0,0,15,0,38,0,0,0,0,0,0,0,0
481,44,83,2.495,12.6972,0,88,-1,4.47099,51.5672,0,0,15,0,54,0,0,0,0,0,0,0,0
482,50,83,2.499,14.6988,0,102,-1,4.47101,51.5671,0,0,15,0,48,0,0,0,0,0,0,0,0
483,57,83,2.505,15.1992,0,99,-1,4.47103,51.5671,0,0,15,0,41,0,0,0,0,0,0,0,0
484,58,83,2.509,15.5988,0,44,-1,4.47106,51.5671,0,0,15,0,40,0,0,0,0,0,0,0,0
485,59,83,2.514,17.1972,0,44,-1,4.47108,51.567,0,0,15,0,-255,0,0,0,0,0,0,0,0
486,59,83,2.52,17.5968,0,44,-1,4.47111,51.567,0,0,15,0,-255,0,0,0,0,0,0,0,0
487,0,82,2.524,17.7984,0,0,-1,4.47113,51.5669,0,0,15,0,-255,0,0,0,0,0,0,0,0
488,0,80,2.531,18.5976,0,0,-1,4.47115,51.5669,0,0,16,0,-255,0,0,0,0,0,0,0,0
489,0,80,2.536,18.5976,0,0,-1,4.47117,51.5668,0,0,16,0,-255,0,0,0,0,0,0,0,0
490,0,79,2.542,18.5976,0,0,-2,4.4712,51.5668,0,-1.66667,16,0,-255,0,0,0,0,0,0,0,0
491,0,78,2.548,18.5976,0,0,-2,4.47123,51.5667,0,-1.66667,16,0,-255,0,0,0,0,0,0,0,0
492,0,78,2.553,18.5976,0,0,-2,4.47126,51.5667,0,-1.66667,16,0,-255,0,0,0,0,0,0,0,0
493,0,78,2.559,19.4976,0,0,-2,4.47129,51.5666,0,-1.66667,16,0,-255,0,0,0,0,0,0,0,0
494,0,78,2.565,20.7,0,0,-2,4.47132,51.5666,0,-1.66667,16,0,-255,0,0,0,0,0,0,0,0
495,0,81,2.571,20.7,0,0,-2,4.47134,51.5665,0,-1.66667,16,0,-255,0,0,0,0,0,0,0,0
496,0,82,2.577,20.7,0,0,-2,4.47137,51.5665,0,-1.66667,16,0,-255,0,0,0,0,0,0,0,0
497,0,82,2.583,22.1976,0,0,-2,4.47141,51.5664,0,-1.66667,16,0,-255,0,0,0,0,0,0,0,0
498,0,82,2.59,22.5972,0,0,-2,4.47144,51.5664,0,-1.66667,16,0,-255,0,0,0,0,0,0,0,0
499,0,82,2.596,22.7988,0,0,-2,4.47147,51.5663,0,-1.66667,16,0,-255,0,0,0,0,0,0,0,0
500,0,82,2.602,22.5972,0,0,-3,4.47151,51.5663,0,-1.66667,16,0,-255,0,0,0,0,0,0,0,0
501,0,82,2.608,21.6972,0,0,-3,4.47154,51.5662,0,-1.66667,16,0,-255,0,0,0,0,0,0,0,0
502,88,82,2.614,21.3984,0,111,-3,4.47159,51.5662,0,-1.66667,16,0,-255,0,0,0,0,0,0,0,0
503,84,83,2.62,21.1968,0,120,-3,4.47164,51.5661,0,-1.66667,16,0,47,0,0,0,0,0,0,0,0
504,81,84,2.626,20.9988,0,95,-3,4.47168,51.5661,0,-1.66667,16,0,48,0,0,0,0,0,0,0,0
505,75,86,2.631,20.898,0,48,-3,4.47172,51.566,0,-1.66667,16,0,48,0,0,0,0,0,0,0,0
506,74,87,2.638,20.898,0,26,-3,4.47175,51.566,0,-1.66667,16,0,41,0,0,0,0,0,0,0,0
507,73,87,2.644,20.5992,0,13,-3,4.47178,51.5659,0,-1.66667,16,0,54,0,0,0,0,0,0,0,0
508,73,88,2.649,20.3976,0,13,-3,4.47182,51.5659,0,-1.66667,16,0,54,0,0,0,0,0,0,0,0
509,45,88,2.655,19.6992,0,13,-3,4.47185,51.5659,0,-1.66667,16,0,-255,0,0,0,0,0,0,0,0
510,39,88,2.661,19.3968,0,13,-3,4.47188,51.5658,0,0,16,0,-255,0,0,0,0,0,0,0,0
511,37,87,2.667,19.6992,0,13,-3,4.47192,51.5658,0,0,16,0,-255,0,0,0,0,0,0,0,0
512,37,86,2.672,19.3968,0,13,-3,4.47194,51.5657,0,0,16,0,-255,0,0,0,0,0,0,0,0
513,37,86,2.677,18.6984,0,13,-3,4.47198,51.5657,0,0,16,0,-255,0,0,0,0,0,0,0,0
514,36,85,2.683,18.6984,0,13,-3,4.47202,51.5656,0,0,16,0,-255,0,0,0,0,0,0,0,0
515,36,85,2.688,18.4968,0,13,-3,4.47204,51.5656,0,0,16,0,-255,0,0,0,0,0,0,0,0
516,36,85,2.693,18.3996,0,13,-3,4.47207,51.5655,0,0,16,0,-255,0,0,0,0,0,0,0,0
517,36,85,2.698,17.8992,0,13,-3,4.47211,51.5655,0,0,16,0,-255,0,0,0,0,0,0,0,0
518,0,85,2.704,17.1972,0,0,-3,4.47214,51.5654,0,0,16,0,-255,0,0,0,0,0,0,0,0
519,0,86,2.709,17.1972,0,0,-3,4.47217,51.5654,0,0,16,0,-255,0,0,0,0,0,0,0,0
520,0,86,2.714,16.9992,0,0,-3,4.4722,51.5654,0,0,16,0,-255,0,0,0,0,0,0,0,0
521,0,87,2.72,16.9992,0,0,-3,4.47223,51.5653,0,0,16,0,-255,0,0,0,0,0,0,0,0
522,0,86,2.724,16.5996,0,0,-3,4.47226,51.5653,0,0,16,0,-255,0,0,0,0,0,0,0,0
523,0,85,2.729,15.6996,0,0,-3,4.47228,51.5652,0,0,16,0,-255,0,0,0,0,0,0,0,0
524,0,85,2.733,15.1992,0,0,-3,4.4723,51.5652,0,0,16,0,-255,0,0,0,0,0,0,0,0
525,0,85,2.738,15.0984,0,0,-3,4.47233,51.5652,0,0,16,0,-255,0,0,0,0,0,0,0,0
526,0,85,2.742,14.7996,0,0,-3,4.47234,51.5651,0,0,16,0,-255,0,0,0,0,0,0,0,0
527,0,85,2.745,14.7996,0,0,-3,4.47236,51.5651,0,0,16,0,-255,0,0,0,0,0,0,0,0
528,0,86,2.749,14.6988,0,0,-3,4.47238,51.5651,0,0,16,0,-255,0,0,0,0,0,0,0,0
529,0,86,2.753,14.6988,0,0,-4,4.4724,51.565,0,0,16,0,-255,0,0,0,0,0,0,0,0
530,0,87,2.758,14.4,0,0,-4,4.47241,51.565,0,0,16,0,-255,0,0,0,0,0,0,0,0
531,54,87,2.761,14.4,0,135,-4,4.47243,51.565,0,0,16,0,-255,0,0,0,0,0,0,0,0
532,54,87,2.766,15.3,0,124,-4,4.47245,51.5649,0,0,16,0,52,0,0,0,0,0,0,0,0
533,57,87,2.771,16.4988,0,121,-4,4.47247,51.5649,0,0,16,0,54,0,0,0,0,0,0,0,0
534,58,87,2.776,16.9992,0,91,-4,4.4725,51.5648,0,0,16,0,52,0,0,0,0,0,0,0,0
535,59,89,2.781,17.5968,0,57,-3,4.47252,51.5648,0,2,16,0,54,0,0,0,0,0,0,0,0
536,59,89,2.785,17.6976,0,11,-3,4.47254,51.5648,0,2,16,0,59,0,0,0,0,0,0,0,0
537,59,89,2.791,17.6976,0,11,-3,4.47257,51.5647,0,2,16,0,59,0,0,0,0,0,0,0,0
538,59,89,2.796,17.4996,0,11,-3,4.47259,51.5647,0,2,16,0,59,0,0,0,0,0,0,0,0
539,59,90,2.8,15.9984,0,11,-3,4.47261,51.5646,0,2,16,0,59,0,0,0,0,0,0,0,0
540,49,90,2.804,15.9984,0,60,-3,4.47263,51.5646,0,2,16,0,-255,0,0,0,0,0,0,0,0
541,54,90,2.809,16.4988,0,144,-3,4.47265,51.5646,0,2,16,0,-255,0,0,0,0,0,0,0,0
542,56,90,2.813,17.3988,0,141,-3,4.47268,51.5645,0,2,16,0,50,0,0,0,0,0,0,0,0
543,57,90,2.819,17.6976,0,106,-3,4.4727,51.5645,0,2,16,0,48,0,0,0,0,0,0,0,0
544,58,90,2.824,18.3996,0,129,-3,4.47273,51.5644,0,2,16,0,47,0,0,0,0,0,0,0,0
545,60,90,2.83,18.6984,0,155,-3,4.47276,51.5644,0,0,16,0,47,0,0,0,0,0,0,0,0
546,61,90,2.835,18.7992,0,154,-3,4.47279,51.5643,0,0,16,0,46,0,0,0,0,0,0,0,0
547,63,91,2.84,18.9,0,144,-3,4.47282,51.5643,0,0,16,0,48,0,0,0,0,0,0,0,0
548,64,91,2.846,18.9,0,104,-3,4.47284,51.5643,0,0,16,0,53,0,0,0,0,0,0,0,0
549,65,91,2.851,18.6984,0,90,-3,4.47286,51.5642,0,0,16,0,51,0,0,0,0,0,0,0,0
550,65,91,2.856,18.6984,0,111,-3,4.47289,51.5642,0,0,16,0,47,0,0,0,0,0,0,0,0
551,65,91,2.861,18.9972,0,114,-3,4.47292,51.5641,0,0,16,0,48,0,0,0,0,0,0,0,0
552,65,91,2.866,18.9972,0,82,-3,4.47294,51.5641,0,0,16,0,45,0,0,0,0,0,0,0,0
553,65,91,2.872,18.9972,0,23,-3,4.47295,51.564,0,0,16,0,45,0,0,0,0,0,0,0,0
554,65,91,2.877,18,0,23,-3,4.47296,51.564,0,0,16,0,-255,0,0,0,0,0,0,0,0
555,65,92,2.881,17.5968,0,23,-3,4.47297,51.5639,0,0,16,0,-255,0,0,0,0,0,0,0,0
556,65,92,2.887,17.5968,0,23,-3,4.47298,51.5639,0,0,16,0,-255,0,0,0,0,0,0,0,0
557,73,93,2.892,18.4968,0,120,-3,4.473,51.5639,0,0,16,0,-255,0,0,0,0,0,0,0,0
558,68,93,2.898,19.3968,0,218,-3,4.47303,51.5638,0,0,16,0,-255,0,0,0,0,0,0,0,0
559,68,93,2.903,19.998,0,193,-3,4.47307,51.5638,0,0,16,0,45,0,0,0,0,0,0,0,0
560,68,93,2.909,19.998,0,66,-3,4.47309,51.5637,0,0,16,0,42,0,0,0,0,0,0,0,0
561,68,93,2.915,19.8972,0,66,-3,4.47311,51.5637,0,0,16,0,-255,0,0,0,0,0,0,0,0
562,60,93,2.92,19.5984,0,60,-3,4.47315,51.5636,0,0,16,0,50,0,0,0,0,0,0,0,0
563,66,93,2.925,19.2996,0,146,-3,4.47318,51.5636,0,0,16,0,40,0,0,0,0,0,0,0,0
564,64,93,2.93,18.4968,0,155,-4,4.47323,51.5635,0,-2,16,0,45,0,0,0,0,0,0,0,0
565,62,95,2.935,17.3988,0,131,-4,4.47326,51.5635,0,-2,16,0,48,0,0,0,0,0,0,0,0
566,60,95,2.94,16.6968,0,124,-4,4.47329,51.5635,0,-2,16,0,47,0,0,0,0,0,0,0,0
567,58,97,2.944,16.6968,0,111,-4,4.47331,51.5634,0,-2,16,0,50,0,0,0,0,0,0,0,0
568,57,97,2.948,16.6968,0,97,-4,4.47334,51.5634,0,-2,16,0,50,0,0,0,0,0,0,0,0
569,57,99,2.953,16.6968,0,105,-4,4.47336,51.5633,0,-2,16,0,48,0,0,0,0,0,0,0,0
570,57,99,2.958,16.6968,0,114,-3,4.47339,51.5633,0,0,16,0,48,0,0,0,0,0,0,0,0
571,58,100,2.963,16.6968,0,120,-3,4.47341,51.5633,0,0,16,0,47,0,0,0,0,0,0,0,0
572,58,100,2.969,18.198,0,120,-4,4.47345,51.5632,0,-1.66667,16,0,47,0,0,0,0,0,0,0,0
573,59,99,2.975,19.6992,0,113,-4,4.47348,51.5632,0,-1.66667,16,0,47,0,0,0,0,0,0,0,0
574,60,98,2.981,19.6992,0,92,-4,4.47352,51.5631,0,0.333333,16,0,48,0,0,0,0,0,0,0,0
575,61,98,2.986,19.098,0,56,-4,4.47354,51.5631,0,0.333333,16,0,47,0,0,0,0,0,0,0,0
576,61,98,2.991,17.3988,0,18,-4,4.47358,51.563,0,0.333333,16,0,27,0,0,0,0,0,0,0,0
577,62,99,2.995,16.9992,0,18,-4,4.47361,51.563,0,0.333333,16,0,-255,0,0,0,0,0,0,0,0
578,62,99,3,16.4988,0,18,-3,4.47364,51.563,0,0.333333,16,0,-255,0,0,0,0,0,0,0,0
579,55,100,3.006,16.4988,0,118,-3,4.47366,51.5629,0,0.333333,16,0,-255,0,0,0,0,0,0,0,0
580,55,101,3.011,16.9992,0,109,-3,4.47369,51.5629,0,-1.66667,16,0,-255,0,0,0,0,0,0,0,0
581,55,101,3.017,18,0,109,-3,4.47372,51.5628,0,-1.66667,16,0,-255,0,0,0,0,0,0,0,0
582,0,101,3.021,17.6976,0,0,-3,4.47375,51.5628,0,0,16,0,-255,0,0,0,0,0,0,0,0
583,0,101,3.026,17.6976,0,0,-3,4.47377,51.5627,0,0,16,0,-255,0,0,0,0,0,0,0,0
584,0,101,3.03,15.8976,0,0,-3,4.4738,51.5627,0,0,16,0,-255,0,0,0,0,0,0,0,0
585,0,101,3.035,15.3,0,0,-3,4.47382,51.5627,0,0,16,0,-255,0,0,0,0,0,0,0,0
586,0,101,3.04,15.8976,0,0,-3,4.47384,51.5626,0,0,16,0,-255,0,0,0,0,0,0,0,0
587,0,102,3.043,16.5996,0,0,-3,4.47386,51.5626,0,0,16,0,-255,0,0,0,0,0,0,0,0
588,0,102,3.048,17.1,0,0,-3,4.47388,51.5626,0,0,16,0,-255,0,0,0,0,0,0,0,0
589,56,103,3.053,17.1,0,183,-3,4.4739,51.5625,0,0,16,0,49,0,0,0,0,0,0,0,0
590,56,103,3.057,17.1,0,126,-3,4.47392,51.5625,0,0,16,0,51,0,0,0,0,0,0,0,0
591,57,103,3.063,17.1972,0,97,-3,4.47394,51.5624,0,0,16,0,46,0,0,0,0,0,0,0,0
592,57,103,3.067,15.7968,0,46,-3,4.47397,51.5624,0,0,16,0,57,0,0,0,0,0,0,0,0
593,45,103,3.072,17.298,0,66,-3,4.47399,51.5624,0,0,16,0,58,0,0,0,0,0,0,0,0
594,45,103,3.077,16.8984,0,66,-3,4.47402,51.5623,0,0,16,0,58,0,0,0,0,0,0,0,0
595,0,101,3.082,16.8984,0,0,-3,4.47404,51.5623,0,0,16,0,58,0,0,0,0,0,0,0,0
596,0,97,3.088,16.5996,0,0,-3,4.47405,51.5622,0,0,16,0,58,0,0,0,0,0,0,0,0
597,0,97,3.091,16.0992,0,0,-3,4.47407,51.5622,0,0,16,0,-255,0,0,0,0,0,0,0,0
598,0,95,3.096,15.498,0,0,-3,4.47409,51.5621,0,0,16,0,-255,0,0,0,0,0,0,0,0
599,0,93,3.101,15.498,0,0,-3,4.47411,51.5621,0,0,16,0,-255,0,0,0,0,0,0,0,0
600,0,92,3.105,15.9984,0,0,-3,4.47413,51.5621,0,0,16,0,-255,0,0,0,0,0,0,0,0
601,56,90,3.11,16.2972,0,99,-3,4.47416,51.562,0,0,16,0,-255,0,0,0,0,0,0,0,0
602,56,92,3.114,16.2972,0,99,-3,4.47419,51.562,0,0,16,0,-255,0,0,0,0,0,0,0,0
603,56,94,3.118,16.0992,0,99,-3,4.47421,51.562,0,0,16,0,-255,0,0,0,0,0,0,0,0
604,50,96,3.122,16.0992,0,125,-3,4.47424,51.5619,0,0,16,0,-255,0,0,0,0,0,0,0,0
605,47,96,3.127,16.2,0,128,-3,4.47427,51.5619,0,0,16,0,-255,0,0,0,0,0,0,0,0
606,52,97,3.132,16.398,0,81,-3,4.4743,51.5619,0,0,16,0,-255,0,0,0,0,0,0,0,0
607,52,97,3.135,16.398,0,81,-3,4.47432,51.5618,0,0,16,0,-255,0,0,0,0,0,0,0,0
608,0,96,3.14,16.398,0,0,-3,4.47431,51.5618,0,0,16,0,-255,0,0,0,0,0,0,0,0
609,0,95,3.144,15.9984,0,0,-4,4.47427,51.5618,0,0,16,0,-255,0,0,0,0,0,0,0,0
610,0,95,3.148,14.8968,0,0,-4,4.47421,51.5617,0,0,16,0,-255,0,0,0,0,0,0,0,0
611,0,94,3.151,13.8996,0,0,-4,4.47418,51.5617,0,0,16,0,-255,0,0,0,0,0,0,0,0
612,0,94,3.156,13.5972,0,0,-4,4.47417,51.5617,0,0,16,0,-255,0,0,0,0,0,0,0,0
613,0,94,3.159,12.2976,0,0,-4,4.47417,51.5617,0,0,16,0,-255,0,0,0,0,0,0,0,0
614,0,94,3.162,12.2976,0,0,-4,4.47419,51.5616,0,0,16,0,-255,0,0,0,0,0,0,0,0
615,0,94,3.167,13.9968,0,0,-4,4.47425,51.5616,0,0,16,0,-255,0,0,0,0,0,0,0,0
616,37,94,3.172,16.9992,0,77,-4,4.47432,51.5616,0,0,16,0,-255,0,0,0,0,0,0,0,0
617,37,94,3.177,16.9992,0,77,-4,4.47438,51.5616,0,0,16,0,-255,0,0,0,0,0,0,0,0
618,60,94,3.181,16.7976,0,31,-3,4.47444,51.5616,0,0,16,0,-255,0,0,0,0,0,0,0,0
619,46,94,3.184,14.4972,0,169,-3,4.47448,51.5616,0,0,16,0,-255,0,0,0,0,0,0,0,0
620,50,95,3.189,14.4972,0,208,-3,4.47451,51.5615,0,0,16,0,61,0,0,0,0,0,0,0,0
621,50,96,3.194,16.2972,0,182,-3,4.47455,51.5615,0,0,16,0,72,0,0,0,0,0,0,0,0
622,54,97,3.198,16.6968,0,45,-3,4.47459,51.5615,0,0,16,0,-255,0,0,0,0,0,0,0,0
623,54,98,3.203,16.8984,0,45,-3,4.47463,51.5614,0,0,16,0,-255,0,0,0,0,0,0,0,0
624,0,98,3.208,16.9992,0,0,-3,4.47467,51.5614,0,0,16,0,-255,0,0,0,0,0,0,0,0
625,0,100,3.213,17.298,0,0,-3,4.47471,51.5614,0,0,16,0,-255,0,0,0,0,0,0,0,0
626,0,101,3.218,17.3988,0,0,-3,4.47476,51.5613,0,0,16,0,-255,0,0,0,0,0,0,0,0
627,0,102,3.224,17.6976,0,0,-3,4.47481,51.5613,0,0,16,0,-255,0,0,0,0,0,0,0,0
628,68,102,3.229,19.098,0,82,-3,4.47486,51.5612,0,0,16,0,-255,0,0,0,0,0,0,0,0
629,42,103,3.234,19.098,0,66,-3,4.47491,51.5612,0,0,16,0,-255,0,0,0,0,0,0,0,0
630,63,103,3.239,18.198,0,169,-3,4.47495,51.5612,0,0,16,0,-255,0,0,0,0,0,0,0,0
631,65,102,3.244,17.7984,0,82,-3,4.475,51.5611,0,0,16,0,75,0,0,0,0,0,0,0,0
632,61,102,3.249,17.1972,0,82,-3,4.47504,51.5611,0,0,16,0,-255,0,0,0,0,0,0,0,0
633,61,101,3.253,15.498,0,82,-3,4.47509,51.5611,0,0,16,0,-255,0,0,0,0,0,0,0,0
634,38,100,3.258,15.498,0,145,-3,4.47513,51.561,0,0,16,0,70,0,0,0,0,0,0,0,0
635,52,98,3.263,15.7968,0,207,-3,4.47518,51.561,0,0,16,0,59,0,0,0,0,0,0,0,0
636,55,96,3.268,16.8984,0,160,-3,4.47523,51.561,0,0,16,0,51,0,0,0,0,0,0,0,0
637,58,95,3.273,17.5968,0,125,-3,4.47529,51.5609,0,0,16,0,44,0,0,0,0,0,0,0,0
638,58,94,3.278,17.5968,0,118,-3,4.47534,51.5609,0,0,16,0,44,0,0,0,0,0,0,0,0
639,59,94,3.284,17.5968,0,95,-3,4.47539,51.5609,0,0,16,0,44,0,0,0,0,0,0,0,0
640,59,96,3.289,17.5968,0,82,-3,4.47544,51.5608,0,0,16,0,49,0,0,0,0,0,0,0,0
641,60,96,3.293,17.7984,0,101,-3,4.4755,51.5608,0,0,16,0,51,0,0,0,0,0,0,0,0
642,60,99,3.299,17.7984,0,98,-3,4.47556,51.5608,0,0,16,0,50,0,0,0,0,0,0,0,0
643,58,101,3.304,17.3988,0,41,-3,4.47562,51.5608,0,0,16,0,43,0,0,0,0,0,0,0,0
644,58,102,3.308,16.4988,0,41,-3,4.47567,51.5607,0,0,16,0,-255,0,0,0,0,0,0,0,0
645,37,102,3.312,14.4972,0,67,-3,4.47572,51.5607,0,0,16,0,-255,0,0,0,0,0,0,0,0
646,46,101,3.316,14.1984,0,116,-3,4.47577,51.5607,0,0,16,0,35,0,0,0,0,0,0,0,0
647,44,101,3.32,14.0976,0,85,-3,4.47582,51.5607,0,0,16,0,44,0,0,0,0,0,0,0,0
648,44,101,3.324,13.0968,0,101,-3,4.47587,51.5607,0,0,16,0,46,0,0,0,0,0,0,0,0
649,44,100,3.328,13.0968,0,101,-3,4.47592,51.5607,0,0,16,0,46,0,0,0,0,0,0,0,0
650,43,99,3.332,12.6972,0,115,-3,4.47596,51.5606,0,0,16,0,49,0,0,0,0,0,0,0,0
651,42,99,3.335,12.6,0,139,-3,4.476,51.5606,0,0,16,0,45,0,0,0,0,0,0,0,0
652,42,99,3.339,12.6,0,158,-3,4.47604,51.5606,0,0,16,0,45,0,0,0,0,0,0,0,0
653,42,99,3.343,12.6972,0,168,-3,4.47609,51.5606,0,0,16,0,52,0,0,0,0,0,0,0,0
654,41,99,3.346,12.6972,0,43,-3,4.47613,51.5606,0,0,16,0,42,0,0,0,0,0,0,0,0
655,35,99,3.349,10.4976,0,116,-3,4.47617,51.5606,0,0,16,0,47,0,0,0,0,0,0,0,0
656,27,99,3.352,10.3968,0,114,-3,4.4762,51.5605,0,0,16,0,-255,0,0,0,0,0,0,0,0
657,37,99,3.355,10.1988,0,168,-3,4.47623,51.5605,0,0,16,0,43,0,0,0,0,0,0,0,0
658,37,99,3.358,10.1988,0,202,-3,4.47627,51.5605,0,0,16,0,47,0,0,0,0,0,0,0,0
659,40,99,3.362,10.8972,0,232,-3,4.47632,51.5605,0,0,16,0,51,0,0,0,0,0,0,0,0
660,44,100,3.366,13.5,0,191,-3,4.47637,51.5605,0,0,16,0,46,0,0,0,0,0,0,0,0
661,46,101,3.37,14.1984,0,154,-3,4.47642,51.5604,0,0,16,0,48,0,0,0,0,0,0,0,0
662,50,103,3.374,14.7996,0,142,-3,4.47648,51.5604,0,0,16,0,52,0,0,0,0,0,0,0,0
663,49,103,3.379,14.7996,0,112,-3,4.47653,51.5604,0,0,16,0,43,0,0,0,0,0,0,0,0
664,48,106,3.383,14.4972,0,116,-3,4.47659,51.5604,0,0,16,0,44,0,0,0,0,0,0,0,0
665,47,107,3.388,14.4972,0,149,-3,4.47664,51.5604,0,0,16,0,47,0,0,0,0,0,0,0,0
666,46,107,3.393,15.0984,0,136,-3,4.4767,51.5604,0,0,16,0,42,0,0,0,0,0,0,0,0
667,46,108,3.396,15.498,0,136,-3,4.47676,51.5603,0,0,16,0,42,0,0,0,0,0,0,0,0
668,48,109,3.401,15.6996,0,116,-4,4.47681,51.5603,0,0,16,0,49,0,0,0,0,0,0,0,0
669,49,109,3.405,15.498,0,140,-4,4.47687,51.5603,0,0,16,0,49,0,0,0,0,0,0,0,0
670,49,109,3.408,15.3,0,172,-4,4.47692,51.5603,0,0,15,0,55,0,0,0,0,0,0,0,0
671,50,109,3.412,15.3,0,180,-4,4.47697,51.5603,0,0,15,0,47,0,0,0,0,0,0,0,0
672,50,108,3.416,15.3,0,120,-4,4.47703,51.5603,0,0,15,0,51,0,0,0,0,0,0,0,0
673,50,107,3.42,15.0984,0,44,-4,4.47708,51.5603,0,0,15,0,54,0,0,0,0,0,0,0,0
674,43,107,3.424,14.2992,0,92,-4,4.47714,51.5603,0,0,15,0,59,0,0,0,0,0,0,0,0
675,45,107,3.428,13.1976,0,169,-4,4.47719,51.5602,0,0,15,0,59,0,0,0,0,0,0,0,0
676,48,107,3.432,13.698,0,212,-4,4.47724,51.5602,0,0,15,0,39,0,0,0,0,0,0,0,0
677,45,107,3.436,13.1976,0,262,-4,4.47729,51.5602,0,0,15,0,46,0,0,0,0,0,0,0,0
678,45,107,3.44,13.698,0,249,-4,4.47736,51.5602,0,0,15,0,46,0,0,0,0,0,0,0,0
679,49,107,3.446,14.9976,0,263,-4,4.47743,51.5602,0,0,15,0,44,0,0,0,0,0,0,0,0
680,56,107,3.451,16.6968,0,219,-4,4.47751,51.5602,0,0,15,0,43,0,0,0,0,0,0,0,0
681,59,108,3.457,17.8992,0,127,-4,4.47758,51.5602,0,0,15,0,42,0,0,0,0,0,0,0,0
682,61,108,3.462,17.8992,0,34,-4,4.47765,51.5602,0,0,15,0,62,0,0,0,0,0,0,0,0
683,55,111,3.466,17.3988,0,59,-4,4.47771,51.5602,0,0,15,0,72,0,0,0,0,0,0,0,0
684,57,113,3.471,17.1,0,125,-4,4.47778,51.5601,0,0,15,0,93,0,0,0,0,0,0,0,0
685,54,113,3.475,17.1,0,110,-4,4.47784,51.5601,0,0,15,0,59,0,0,0,0,0,0,0,0
686,54,113,3.48,17.1,0,52,-4,4.4779,51.5601,0,0,15,0,54,0,0,0,0,0,0,0,0
687,52,114,3.483,16.8984,0,20,-4,4.47796,51.5601,0,0,15,0,54,0,0,0,0,0,0,0,0
688,54,113,3.487,16.0992,0,28,-4,4.47801,51.5601,0,0,15,0,52,0,0,0,0,0,0,0,0
689,44,114,3.491,14.8968,0,108,-4,4.47806,51.5601,0,0,15,0,43,0,0,0,0,0,0,0,0
690,53,114,3.495,14.8968,0,102,-4,4.47812,51.5601,0,0,15,0,50,0,0,0,0,0,0,0,0
691,54,114,3.499,16.0992,0,44,-4,4.47817,51.5601,0,0,15,0,73,0,0,0,0,0,0,0,0
692,54,115,3.504,16.0992,0,44,-3,4.47822,51.5601,0,0,15,0,73,0,0,0,0,0,0,0,0
693,54,115,3.509,15.8976,0,44,-3,4.47827,51.56,0,0,15,0,73,0,0,0,0,0,0,0,0
694,50,114,3.513,15.7968,0,172,-3,4.47832,51.56,0,0,15,0,50,0,0,0,0,0,0,0,0
695,54,113,3.517,15.7968,0,188,-3,4.47835,51.56,0,0,15,0,43,0,0,0,0,0,0,0,0
696,53,113,3.521,15.8976,0,147,-3,4.47837,51.5599,0,0,15,0,50,0,0,0,0,0,0,0,0
697,55,111,3.525,16.7976,0,164,-3,4.47837,51.5599,0,0,15,0,46,0,0,0,0,0,0,0,0
698,53,107,3.53,16.7976,0,178,-3,4.47837,51.5599,0,0,15,0,47,0,0,0,0,0,0,0,0
699,54,105,3.534,15.5988,0,193,-3,4.47836,51.5598,0,0,15,0,43,0,0,0,0,0,0,0,0
700,54,101,3.538,15.5988,0,205,-3,4.47834,51.5598,0,0,15,0,47,0,0,0,0,0,0,0,0
701,55,98,3.542,15.8976,0,198,-3,4.47832,51.5597,0,0,15,0,46,0,0,0,0,0,0,0,0
702,55,97,3.546,15.8976,0,198,-3,4.47829,51.5597,0,0,15,0,46,0,0,0,0,0,0,0,0
703,56,99,3.55,15.3,0,183,-3,4.47827,51.5597,0,0,15,0,45,0,0,0,0,0,0,0,0
704,57,101,3.555,15.3,0,125,-3,4.47825,51.5596,0,0,15,0,41,0,0,0,0,0,0,0,0
705,57,102,3.559,15.6996,0,43,-3,4.47822,51.5596,0,0,15,0,52,0,0,0,0,0,0,0,0
706,57,105,3.563,15.6996,0,43,-3,4.47818,51.5596,0,0,15,0,52,0,0,0,0,0,0,0,0
707,57,107,3.567,14.4972,0,43,-3,4.47816,51.5596,0,0,15,0,52,0,0,0,0,0,0,0,0
708,51,108,3.571,14.4972,0,174,-3,4.47813,51.5595,0,0,15,0,-255,0,0,0,0,0,0,0,0
709,52,108,3.575,15.0984,0,218,-3,4.4781,51.5595,0,0,15,0,53,0,0,0,0,0,0,0,0
710,54,108,3.58,15.6996,0,192,-3,4.47807,51.5594,0,0,15,0,49,0,0,0,0,0,0,0,0
711,57,108,3.585,17.298,0,184,-3,4.47803,51.5594,0,0,15,0,48,0,0,0,0,0,0,0,0
712,58,108,3.59,17.7984,0,162,-3,4.478,51.5594,0,0,15,0,49,0,0,0,0,0,0,0,0
713,61,108,3.595,18.198,0,158,-3,4.47796,51.5593,0,0,15,0,47,0,0,0,0,0,0,0,0
714,63,108,3.601,18.198,0,173,-3,4.47793,51.5593,0,0,15,0,48,0,0,0,0,0,0,0,0
715,64,108,3.605,18.198,0,183,-3,4.4779,51.5592,0,0,15,0,47,0,0,0,0,0,0,0,0
716,65,108,3.611,18.3996,0,155,-3,4.47786,51.5592,0,0,15,0,46,0,0,0,0,0,0,0,0
717,65,108,3.616,18.3996,0,138,-3,4.47784,51.5592,0,0,15,0,45,0,0,0,0,0,0,0,0
718,66,108,3.622,18.198,0,55,-3,4.47782,51.5591,0,0,15,0,43,0,0,0,0,0,0,0,0
719,65,108,3.626,17.1,0,55,-3,4.47778,51.5591,0,0,15,0,-255,0,0,0,0,0,0,0,0
720,65,108,3.631,15.8976,0,55,-3,4.47775,51.559,0,0,15,0,-255,0,0,0,0,0,0,0,0
721,60,108,3.636,15.8976,0,117,-2,4.47772,51.559,0,2,15,0,-255,0,0,0,0,0,0,0,0
722,60,109,3.641,16.4988,0,64,-2,4.4777,51.559,0,2,15,0,-255,0,0,0,0,0,0,0,0
723,60,109,3.646,16.6968,0,13,-2,4.47768,51.5589,0,2,15,0,38,0,0,0,0,0,0,0,0
724,60,109,3.651,17.4996,0,13,-2,4.47764,51.5589,0,2,15,0,-255,0,0,0,0,0,0,0,0
725,60,109,3.656,17.4996,0,13,-2,4.47761,51.5588,0,2,15,0,-255,0,0,0,0,0,0,0,0
726,0,109,3.661,17.1972,0,0,-2,4.47757,51.5588,0,2,15,0,-255,0,0,0,0,0,0,0,0
727,0,109,3.665,16.4988,0,0,-2,4.47753,51.5588,0,2,15,0,-255,0,0,0,0,0,0,0,0
728,0,109,3.669,16.398,0,0,-2,4.4775,51.5587,0,2,15,0,-255,0,0,0,0,0,0,0,0
729,0,109,3.674,15.8976,0,0,-2,4.47746,51.5587,0,2,15,0,-255,0,0,0,0,0,0,0,0
730,0,110,3.679,15.6996,0,0,-2,4.47743,51.5587,0,2,15,0,-255,0,0,0,0,0,0,0,0
731,0,110,3.683,14.8968,0,0,-2,4.47739,51.5586,0,0,15,0,-255,0,0,0,0,0,0,0,0
732,0,111,3.688,14.6988,0,0,-2,4.47736,51.5586,0,0,15,0,-255,0,0,0,0,0,0,0,0
733,0,111,3.693,14.6988,0,0,-2,4.47732,51.5586,0,0,15,0,-255,0,0,0,0,0,0,0,0
734,44,111,3.698,15.498,0,166,-2,4.47727,51.5585,0,0,15,0,46,0,0,0,0,0,0,0,0
735,48,111,3.702,15.498,0,137,-2,4.47724,51.5585,0,0,15,0,43,0,0,0,0,0,0,0,0
736,53,112,3.707,15.5988,0,107,-2,4.4772,51.5585,0,0,15,0,48,0,0,0,0,0,0,0,0
737,55,111,3.712,15.5988,0,139,-2,4.47715,51.5584,0,0,15,0,49,0,0,0,0,0,0,0,0
738,59,111,3.718,17.4996,0,123,-2,4.47711,51.5584,0,0,15,0,48,0,0,0,0,0,0,0,0
739,62,111,3.723,18.198,0,38,-2,4.47707,51.5583,0,0,15,0,56,0,0,0,0,0,0,0,0
740,61,110,3.729,18.7992,0,25,-2,4.47704,51.5583,0,0,15,0,62,0,0,0,0,0,0,0,0
741,68,110,3.733,18.7992,0,78,-2,4.477,51.5583,0,0,15,0,74,0,0,0,0,0,0,0,0
742,65,109,3.738,18.0972,0,32,-2,4.47696,51.5582,0,0,15,0,-255,0,0,0,0,0,0,0,0
743,65,109,3.744,18.0972,0,32,-2,4.47692,51.5582,0,0,15,0,-255,0,0,0,0,0,0,0,0
744,65,109,3.749,18.0972,0,32,-2,4.47688,51.5581,0,0,15,0,-255,0,0,0,0,0,0,0,0
745,51,110,3.753,17.1972,0,57,-2,4.47685,51.5581,0,0,15,0,-255,0,0,0,0,0,0,0,0
746,53,110,3.757,15.1992,0,147,-2,4.47682,51.5581,0,0,15,0,-255,0,0,0,0,0,0,0,0
747,53,110,3.761,15.1992,0,181,-2,4.47679,51.558,0,0,15,0,28,0,0,0,0,0,0,0,0
748,57,109,3.766,14.598,0,179,-2,4.47675,51.558,0,0,15,0,42,0,0,0,0,0,0,0,0
749,57,109,3.77,15.1992,0,179,-2,4.47671,51.558,0,0,15,0,42,0,0,0,0,0,0,0,0
750,61,109,3.775,15.1992,0,145,-2,4.47667,51.5579,0,0,15,0,43,0,0,0,0,0,0,0,0
751,65,109,3.78,17.7984,0,77,-2,4.47664,51.5579,0,0,15,0,41,0,0,0,0,0,0,0,0
752,68,109,3.786,19.5984,0,62,-2,4.4766,51.5579,0,0,15,0,40,0,0,0,0,0,0,0,0
753,68,109,3.791,19.8972,0,61,-2,4.47656,51.5578,0,0,15,0,44,0,0,0,0,0,0,0,0
754,69,109,3.796,20.3976,0,66,-2,4.47652,51.5578,0,0,15,0,45,0,0,0,0,0,0,0,0
755,69,109,3.801,20.3976,0,75,-2,4.47646,51.5577,0,0,15,0,43,0,0,0,0,0,0,0,0
756,69,109,3.806,20.2968,0,82,-2,4.47643,51.5577,0,0,15,0,43,0,0,0,0,0,0,0,0
757,68,109,3.811,20.2968,0,41,-2,4.47639,51.5577,0,0,15,0,40,0,0,0,0,0,0,0,0
758,68,108,3.818,20.2968,0,41,-2,4.47634,51.5576,0,0,15,0,-255,0,0,0,0,0,0,0,0
759,68,108,3.824,20.7972,0,41,-2,4.47629,51.5576,0,0,15,0,-255,0,0,0,0,0,0,0,0
760,68,108,3.83,20.7972,0,41,-2,4.47624,51.5575,0,0,15,0,-255,0,0,0,0,0,0,0,0
761,0,107,3.834,20.4984,0,0,-2,4.4762,51.5575,0,0,15,0,-255,0,0,0,0,0,0,0,0
762,0,107,3.839,19.4976,0,0,-2,4.47616,51.5575,0,0,15,0,-255,0,0,0,0,0,0,0,0
763,0,107,3.843,17.4996,0,0,-2,4.47613,51.5574,0,0,15,0,-255,0,0,0,0,0,0,0,0
764,0,107,3.848,15.0984,0,0,-2,4.4761,51.5574,0,0,15,0,-255,0,0,0,0,0,0,0,0
765,0,106,3.852,14.8968,0,0,-2,4.47607,51.5574,0,0,15,0,-255,0,0,0,0,0,0,0,0
766,0,105,3.857,14.4972,0,0,-2,4.47604,51.5573,0,0,15,0,-255,0,0,0,0,0,0,0,0
767,0,105,3.861,14.1984,0,0,-2,4.476,51.5573,0,0,15,0,-255,0,0,0,0,0,0,0,0
768,0,104,3.866,14.1984,0,0,-2,4.47596,51.5573,0,0,15,0,-255,0,0,0,0,0,0,0,0
769,55,102,3.872,16.2,0,200,-2,4.47593,51.5572,0,0,15,0,47,0,0,0,0,0,0,0,0
770,58,102,3.878,16.9992,0,171,-2,4.47588,51.5572,0,0,15,0,46,0,0,0,0,0,0,0,0
771,63,102,3.884,17.6976,0,104,-2,4.47583,51.5571,0,0,15,0,47,0,0,0,0,0,0,0,0
772,66,102,3.891,18.6984,0,71,-2,4.4758,51.5571,0,0,15,0,46,0,0,0,0,0,0,0,0
773,68,102,3.898,19.8972,0,55,-2,4.47575,51.557,0,0,15,0,37,0,0,0,0,0,0,0,0
774,68,102,3.905,20.2968,0,33,-2,4.4757,51.5569,0,0,15,0,32,0,0,0,0,0,0,0,0
775,68,102,3.911,20.2968,0,18,-2,4.47566,51.5569,0,0,15,0,31,0,0,0,0,0,0,0,0
776,67,102,3.917,19.6992,0,18,-2,4.47561,51.5569,0,0,15,0,-255,0,0,0,0,0,0,0,0
777,65,102,3.922,19.1988,0,18,-2,4.47557,51.5568,0,0,15,0,-255,0,0,0,0,0,0,0,0
778,63,102,3.929,19.098,0,18,-2,4.47553,51.5568,0,0,15,0,-255,0,0,0,0,0,0,0,0
779,63,103,3.933,17.6976,0,18,-2,4.4755,51.5567,0,0,15,0,-255,0,0,0,0,0,0,0,0
780,0,103,3.938,17.6976,0,0,-2,4.47546,51.5567,0,0,15,0,-255,0,0,0,0,0,0,0,0
781,0,103,3.943,18.198,0,0,-2,4.47542,51.5566,0,0,15,0,-255,0,0,0,0,0,0,0,0
782,0,103,3.947,18.198,0,0,-2,4.47539,51.5566,0,0,15,0,-255,0,0,0,0,0,0,0,0
783,0,103,3.951,15.9984,0,0,-2,4.47536,51.5566,0,0,15,0,-255,0,0,0,0,0,0,0,0
784,0,103,3.955,15.6996,0,0,-2,4.47533,51.5566,0,0,15,0,-255,0,0,0,0,0,0,0,0
785,0,103,3.959,15.6996,0,0,-2,4.4753,51.5565,0,0,15,0,-255,0,0,0,0,0,0,0,0
786,0,103,3.963,15.7968,0,0,-2,4.47528,51.5565,0,0,15,0,-255,0,0,0,0,0,0,0,0
787,0,103,3.968,16.0992,0,0,-2,4.47526,51.5565,0,0,15,0,-255,0,0,0,0,0,0,0,0
788,0,103,3.972,16.4988,0,0,-2,4.47523,51.5564,0,0,15,0,-255,0,0,0,0,0,0,0,0
789,0,103,3.976,16.4988,0,0,-2,4.4752,51.5564,0,0,15,0,-255,0,0,0,0,0,0,0,0
790,0,102,3.979,15.8976,0,0,-2,4.47517,51.5564,0,0,15,0,-255,0,0,0,0,0,0,0,0
791,56,101,3.983,15.6996,0,35,-2,4.47514,51.5563,0,0,15,0,-255,0,0,0,0,0,0,0,0
792,43,100,3.987,15.498,0,25,-2,4.47512,51.5563,0,0,15,0,54,0,0,0,0,0,0,0,0
793,55,100,3.992,15.498,0,44,-2,4.47508,51.5563,0,0,15,0,54,0,0,0,0,0,0,0,0
794,56,99,3.997,16.6968,0,49,-2,4.47505,51.5562,0,0,15,0,57,0,0,0,0,0,0,0,0
795,56,99,4.001,16.6968,0,47,-2,4.47501,51.5562,0,0,15,0,50,0,0,0,0,0,0,0,0
796,57,98,4.006,15.9984,0,45,-2,4.47497,51.5562,0,0,15,0,51,0,0,0,0,0,0,0,0
797,57,98,4.011,15.9984,0,62,-2,4.47491,51.5561,0,0,15,0,48,0,0,0,0,0,0,0,0
798,57,98,4.017,16.8984,0,62,-2,4.47485,51.5561,0,0,15,0,48,0,0,0,0,0,0,0,0
799,60,98,4.021,17.1972,0,20,-2,4.4748,51.5561,0,0,15,0,50,0,0,0,0,0,0,0,0
800,60,98,4.026,17.4996,0,20,-2,4.47474,51.5561,0,0,15,0,50,0,0,0,0,0,0,0,0
801,0,98,4.031,17.4996,0,0,-2,4.47467,51.556,0,0,15,0,50,0,0,0,0,0,0,0,0
802,0,97,4.037,18.198,0,0,-2,4.4746,51.556,0,0,15,0,50,0,0,0,0,0,0,0,0
803,0,96,4.042,18.198,0,0,-2,4.47453,51.556,0,0,15,0,-255,0,0,0,0,0,0,0,0
804,0,95,4.047,18.198,0,0,-2,4.47446,51.556,0,0,15,0,-255,0,0,0,0,0,0,0,0
805,0,94,4.053,18.198,0,0,-2,4.47439,51.556,0,0,15,0,-255,0,0,0,0,0,0,0,0
806,0,93,4.058,18.6984,0,0,-2,4.47432,51.556,0,0,15,0,-255,0,0,0,0,0,0,0,0
807,0,92,4.063,18.6984,0,0,-2,4.47424,51.5559,0,0,15,0,-255,0,0,0,0,0,0,0,0
808,0,91,4.068,18.6984,0,0,-2,4.47417,51.5559,0,0,15,0,-255,0,0,0,0,0,0,0,0
809,0,90,4.072,16.5996,0,0,-2,4.47411,51.5559,0,0,15,0,-255,0,0,0,0,0,0,0,0
810,0,88,4.077,14.9976,0,0,-2,4.47405,51.556,0,0,15,0,-255,0,0,0,0,0,0,0,0
811,0,88,4.08,13.3992,0,0,-2,4.47401,51.556,0,0,15,0,-255,0,0,0,0,0,0,0,0
812,0,87,4.083,9.4968,0,0,-2,4.47398,51.556,0,0,15,0,-255,0,0,0,0,0,0,0,0
813,0,86,4.086,9.4968,0,0,-2,4.47393,51.556,0,0,15,0,-255,0,0,0,0,0,0,0,0
814,38,86,4.09,12.6972,0,75,-2,4.47388,51.556,0,0,15,0,26,0,0,0,0,0,0,0,0
815,39,86,4.094,12.6972,0,102,-2,4.47382,51.556,0,0,15,0,29,0,0,0,0,0,0,0,0
816,41,86,4.097,12.3984,0,31,-2,4.47378,51.556,0,0,15,0,39,0,0,0,0,0,0,0,0
817,42,85,4.101,12.3984,0,31,-2,4.47372,51.556,0,0,15,0,-255,0,0,0,0,0,0,0,0
818,42,84,4.105,12.1968,0,31,-2,4.47367,51.556,0,0,15,0,-255,0,0,0,0,0,0,0,0
819,42,84,4.107,12.1968,0,31,-2,4.47363,51.556,0,0,15,0,-255,0,0,0,0,0,0,0,0
820,42,83,4.111,10.4976,0,31,-2,4.47362,51.5559,0,0,15,0,-255,0,0,0,0,0,0,0,0
821,38,82,4.114,10.4976,0,180,-2,4.47362,51.5559,0,0,15,0,-255,0,0,0,0,0,0,0,0
822,42,81,4.118,12.4992,0,247,-2,4.47362,51.5559,0,0,15,0,-255,0,0,0,0,0,0,0,0
823,46,80,4.123,14.9976,0,170,-2,4.47362,51.5558,0,0,15,0,53,0,0,0,0,0,0,0,0
824,46,80,4.128,15.5988,0,30,-2,4.47362,51.5558,0,0,15,0,44,0,0,0,0,0,0,0,0
825,46,80,4.133,15.9984,0,30,-2,4.47362,51.5557,0,0,15,0,44,0,0,0,0,0,0,0,0
826,0,80,4.138,16.6968,0,0,-2,4.47362,51.5557,0,0,15,0,44,0,0,0,0,0,0,0,0
827,0,82,4.143,17.298,0,0,-2,4.47362,51.5556,0,0,15,0,44,0,0,0,0,0,0,0,0
828,0,83,4.148,17.3988,0,0,-2,4.47362,51.5556,0,0,15,0,-255,0,0,0,0,0,0,0,0
829,0,84,4.153,17.3988,0,0,-2,4.47363,51.5555,0,0,15,0,-255,0,0,0,0,0,0,0,0
830,0,85,4.157,16.6968,0,0,-2,4.47363,51.5555,0,0,15,0,-255,0,0,0,0,0,0,0,0
831,0,86,4.161,16.4988,0,0,-2,4.47363,51.5555,0,0,15,0,-255,0,0,0,0,0,0,0,0
832,0,86,4.166,15.5988,0,0,-2,4.47363,51.5554,0,0,15,0,-255,0,0,0,0,0,0,0,0
833,0,87,4.17,15.3972,0,0,-2,4.47363,51.5554,0,0,15,0,-255,0,0,0,0,0,0,0,0
834,0,86,4.174,15.5988,0,0,-2,4.47364,51.5554,0,0,15,0,-255,0,0,0,0,0,0,0,0
835,0,86,4.178,15.498,0,0,-2,4.47366,51.5553,0,0,15,0,-255,0,0,0,0,0,0,0,0
836,0,86,4.182,15.498,0,0,-2,4.47366,51.5553,0,0,15,0,-255,0,0,0,0,0,0,0,0
837,53,86,4.186,15.1992,0,25,-2,4.47366,51.5553,0,0,15,0,82,0,0,0,0,0,0,0,0
838,53,87,4.189,14.6988,0,25,-2,4.47366,51.5552,0,0,15,0,82,0,0,0,0,0,0,0,0
839,53,88,4.193,14.0976,0,25,-2,4.47366,51.5552,0,0,15,0,82,0,0,0,0,0,0,0,0
840,48,88,4.197,14.0976,0,66,-2,4.47366,51.5552,0,0,15,0,50,0,0,0,0,0,0,0,0
841,49,88,4.201,13.8996,0,94,-2,4.47366,51.5551,0,0,15,0,31,0,0,0,0,0,0,0,0
842,48,88,4.206,14.4972,0,70,-2,4.47366,51.5551,0,0,15,0,55,0,0,0,0,0,0,0,0
843,50,88,4.209,13.9968,0,46,-2,4.47366,51.555,0,0,15,0,48,0,0,0,0,0,0,0,0
844,52,88,4.212,13.9968,0,25,-2,4.47367,51.555,0,0,15,0,48,0,0,0,0,0,0,0,0
845,52,88,4.215,13.2984,0,25,-2,4.47367,51.555,0,0,15,0,48,0,0,0,0,0,0,0,0
846,0,88,4.218,12.8988,0,0,-2,4.47367,51.555,0,0,15,0,48,0,0,0,0,0,0,0,0
847,0,89,4.221,11.3976,0,0,-2,4.47366,51.5549,0,0,15,0,48,0,0,0,0,0,0,0,0
848,0,89,4.224,11.3976,0,0,-2,4.47366,51.5549,0,0,15,0,-255,0,0,0,0,0,0,0,0
849,0,89,4.227,11.3976,0,0,-2,4.47366,51.5549,0,0,15,0,-255,0,0,0,0,0,0,0,0
850,0,89,4.231,11.0988,0,0,-2,4.47366,51.5549,0,0,15,0,-255,0,0,0,0,0,0,0,0
851,0,89,4.233,9.9972,0,0,-2,4.47366,51.5548,0,0,15,0,-255,0,0,0,0,0,0,0,0
852,0,89,4.235,9.9,0,0,-2,4.47366,51.5548,0,0,15,0,-255,0,0,0,0,0,0,0,0
853,0,89,4.238,9.4968,0,0,-2,4.47368,51.5548,0,0,15,0,-255,0,0,0,0,0,0,0,0
854,0,88,4.241,9.4968,0,0,-2,4.47368,51.5548,0,0,15,0,-255,0,0,0,0,0,0,0,0
855,0,87,4.244,9.3996,0,0,-2,4.47368,51.5547,0,0,15,0,-255,0,0,0,0,0,0,0,0
856,0,86,4.245,8.1,0,0,-2,4.47368,51.5547,0,0,15,0,-255,0,0,0,0,0,0,0,0
857,0,86,4.247,8.1,0,0,-2,4.47368,51.5547,0,0,15,0,-255,0,0,0,0,0,0,0,0
858,0,86,4.25,8.3988,0,0,-2,4.47369,51.5547,0,0,15,0,-255,0,0,0,0,0,0,0,0
859,0,86,4.253,8.8992,0,0,-2,4.47369,51.5547,0,0,15,0,-255,0,0,0,0,0,0,0,0
860,0,87,4.255,9.6984,0,0,-2,4.47369,51.5546,0,0,15,0,-255,0,0,0,0,0,0,0,0
861,18,87,4.258,10.5984,0,30,-2,4.4737,51.5546,0,0,15,0,-255,0,0,0,0,0,0,0,0
862,37,88,4.262,12.1968,0,153,-2,4.47371,51.5546,0,0,15,0,40,0,0,0,0,0,0,0,0
863,40,89,4.267,12.9996,0,243,-2,4.47372,51.5545,0,0,15,0,40,0,0,0,0,0,0,0,0
864,45,89,4.271,15.0984,0,245,-2,4.47375,51.5545,0,0,15,0,52,0,0,0,0,0,0,0,0
865,52,89,4.277,17.298,0,263,-2,4.47376,51.5544,0,0,15,0,45,0,0,0,0,0,0,0,0
866,57,90,4.281,17.298,0,244,-2,4.47376,51.5544,0,0,15,0,45,0,0,0,0,0,0,0,0
867,60,90,4.287,17.298,0,237,-2,4.47376,51.5544,0,0,15,0,44,0,0,0,0,0,0,0,0
868,63,92,4.292,18.4968,0,225,-2,4.47375,51.5543,0,0,15,0,45,0,0,0,0,0,0,0,0
869,65,92,4.297,18.5976,0,187,-2,4.47375,51.5543,0,0,15,0,46,0,0,0,0,0,0,0,0
870,66,94,4.302,18.6984,0,160,-2,4.47375,51.5542,0,0,15,0,46,0,0,0,0,0,0,0,0
871,68,94,4.309,19.5984,0,127,-2,4.47374,51.5542,0,0,15,0,45,0,0,0,0,0,0,0,0
872,68,95,4.314,20.9988,0,115,-2,4.47373,51.5541,0,0,15,0,46,0,0,0,0,0,0,0,0
873,68,95,4.32,20.9988,0,90,-2,4.47372,51.5541,0,0,15,0,46,0,0,0,0,0,0,0,0
874,68,95,4.326,20.1996,0,92,-2,4.47372,51.554,0,0,15,0,49,0,0,0,0,0,0,0,0
875,67,96,4.33,19.998,0,86,-2,4.47371,51.554,0,0,15,0,48,0,0,0,0,0,0,0,0
876,65,96,4.336,19.1988,0,28,-2,4.4737,51.5539,0,0,15,0,48,0,0,0,0,0,0,0,0
877,50,97,4.341,18.198,0,54,-2,4.47371,51.5539,0,0,15,0,62,0,0,0,0,0,0,0,0
878,58,97,4.346,17.8992,0,156,-2,4.4737,51.5538,0,0,15,0,62,0,0,0,0,0,0,0,0
879,62,97,4.35,17.1,0,116,-2,4.47369,51.5538,0,0,15,0,37,0,0,0,0,0,0,0,0
880,62,98,4.353,15.3972,0,63,-2,4.47368,51.5538,0,0,15,0,37,0,0,0,0,0,0,0,0
881,63,98,4.358,14.9976,0,50,-2,4.47366,51.5537,0,0,15,0,38,0,0,0,0,0,0,0,0
882,63,98,4.363,14.9976,0,22,-2,4.47364,51.5537,0,0,16,0,53,0,0,0,0,0,0,0,0
883,62,99,4.367,14.8968,0,22,-2,4.47362,51.5536,0,0,16,0,-255,0,0,0,0,0,0,0,0
884,62,99,4.372,15.3972,0,22,-2,4.47361,51.5536,0,0,16,0,-255,0,0,0,0,0,0,0,0
885,62,99,4.378,16.2,0,22,-2,4.4736,51.5535,0,0,16,0,-255,0,0,0,0,0,0,0,0
886,58,101,4.383,16.2972,0,62,-2,4.47359,51.5535,0,0,16,0,-255,0,0,0,0,0,0,0,0
887,62,101,4.389,16.398,0,94,-2,4.47358,51.5534,0,0,16,0,-255,0,0,0,0,0,0,0,0
888,62,102,4.395,16.8984,0,143,-2,4.47358,51.5534,0,0,16,0,53,0,0,0,0,0,0,0,0
889,63,102,4.4,16.8984,0,201,-2,4.47358,51.5533,0,0,16,0,50,0,0,0,0,0,0,0,0
890,64,102,4.406,18.3996,0,75,-2,4.47357,51.5533,0,0,16,0,46,0,0,0,0,0,0,0,0
891,64,102,4.411,18.3996,0,75,-2,4.47357,51.5532,0,0,16,0,46,0,0,0,0,0,0,0,0
892,64,103,4.416,17.7984,0,75,-2,4.47357,51.5532,0,0,16,0,46,0,0,0,0,0,0,0,0
893,55,104,4.422,17.4996,0,170,-2,4.47356,51.5532,0,0,16,0,-255,0,0,0,0,0,0,0,0
894,57,104,4.427,17.1972,0,186,-2,4.47355,51.5531,0,0,16,0,-255,0,0,0,0,0,0,0,0
895,58,104,4.433,17.4996,0,103,-2,4.47354,51.5531,0,0,16,0,56,0,0,0,0,0,0,0,0
896,59,104,4.439,18.0972,0,66,-2,4.47355,51.553,0,0,16,0,58,0,0,0,0,0,0,0,0
897,60,105,4.446,18.3996,0,50,-2,4.47355,51.5529,0,0,16,0,56,0,0,0,0,0,0,0,0
898,61,105,4.451,18.4968,0,32,-2,4.47355,51.5529,0,0,16,0,53,0,0,0,0,0,0,0,0
899,61,104,4.456,18.4968,0,32,-2,4.47354,51.5528,0,0,16,0,-255,0,0,0,0,0,0,0,0
900,48,104,4.461,17.1,0,18,-2,4.47352,51.5528,0,0,16,0,21,0,0,0,0,0,0,0,0
901,48,105,4.467,16.2,0,18,-2,4.47351,51.5527,0,0,16,0,21,0,0,0,0,0,0,0,0
902,51,105,4.47,15.8976,0,102,-2,4.47349,51.5527,0,0,16,0,-255,0,0,0,0,0,0,0,0
903,53,105,4.474,14.4972,0,130,-2,4.47349,51.5527,0,0,16,0,55,0,0,0,0,0,0,0,0
904,52,104,4.477,12.6972,0,92,-2,4.47349,51.5527,0,0,16,0,52,0,0,0,0,0,0,0,0
905,51,104,4.482,12.6972,0,78,-2,4.47349,51.5526,0,0,16,0,45,0,0,0,0,0,0,0,0
906,50,103,4.486,12.6972,0,100,-2,4.47348,51.5526,0,0,16,0,51,0,0,0,0,0,0,0,0
907,48,103,4.489,12.6972,0,85,-2,4.47348,51.5525,0,0,16,0,50,0,0,0,0,0,0,0,0
908,46,103,4.495,12.6972,0,69,-2,4.47349,51.5525,0,0,16,0,44,0,0,0,0,0,0,0,0
909,45,103,4.499,14.4,0,78,-2,4.47349,51.5525,0,0,16,0,44,0,0,0,0,0,0,0,0
910,45,103,4.503,15.1992,0,85,-2,4.47348,51.5524,0,0,16,0,41,0,0,0,0,0,0,0,0
911,49,102,4.507,15.1992,0,59,-1,4.47347,51.5524,0,0,16,0,35,0,0,0,0,0,0,0,0
912,51,102,4.51,14.6988,0,36,-1,4.47347,51.5524,0,0,16,0,27,0,0,0,0,0,0,0,0
913,51,101,4.515,14.6988,0,36,-1,4.47345,51.5523,0,0,16,0,27,0,0,0,0,0,0,0,0
914,61,100,4.518,14.598,0,123,-1,4.47344,51.5523,0,0,16,0,50,0,0,0,0,0,0,0,0
915,61,100,4.523,15.498,0,102,-1,4.47343,51.5522,0,0,16,0,46,0,0,0,0,0,0,0,0
916,61,99,4.529,16.6968,0,56,-1,4.47344,51.5522,0,0,16,0,45,0,0,0,0,0,0,0,0
917,60,99,4.534,16.6968,0,15,-2,4.47343,51.5521,0,0,16,0,40,0,0,0,0,0,0,0,0
918,60,99,4.538,16.6968,0,15,-2,4.47342,51.5521,0,0,16,0,40,0,0,0,0,0,0,0,0
919,0,99,4.542,15.8976,0,0,-2,4.47341,51.5521,0,0,16,0,40,0,0,0,0,0,0,0,0
920,0,99,4.547,15.8976,0,0,-2,4.4734,51.552,0,0,16,0,40,0,0,0,0,0,0,0,0
921,0,99,4.551,15.9984,0,0,-2,4.47339,51.552,0,0,16,0,-255,0,0,0,0,0,0,0,0
922,0,99,4.556,16.0992,0,0,-2,4.47338,51.552,0,0,16,0,-255,0,0,0,0,0,0,0,0
923,56,99,4.56,16.2,0,43,-2,4.47336,51.5519,0,0,16,0,-255,0,0,0,0,0,0,0,0
924,55,99,4.564,16.7976,0,23,-2,4.47334,51.5519,0,0,16,0,44,0,0,0,0,0,0,0,0
925,55,98,4.57,17.1972,0,35,-2,4.47332,51.5518,0,0,16,0,29,0,0,0,0,0,0,0,0
926,57,98,4.574,16.7976,0,17,-2,4.47331,51.5518,0,0,16,0,33,0,0,0,0,0,0,0,0
927,61,97,4.579,16.5996,0,17,-2,4.47329,51.5518,0,0,16,0,-255,0,0,0,0,0,0,0,0
928,61,95,4.584,16.5996,0,17,-2,4.47328,51.5517,0,0,16,0,-255,0,0,0,0,0,0,0,0
929,61,94,4.59,16.5996,0,17,-2,4.47326,51.5517,0,0,16,0,-255,0,0,0,0,0,0,0,0
930,61,92,4.595,16.8984,0,17,-2,4.47326,51.5516,0,0,16,0,-255,0,0,0,0,0,0,0,0
931,41,90,4.6,16.8984,0,17,-2,4.47325,51.5516,0,0,16,0,-255,0,0,0,0,0,0,0,0
932,42,90,4.606,16.8984,0,17,-2,4.47325,51.5515,0,0,16,0,-255,0,0,0,0,0,0,0,0
933,47,88,4.611,16.6968,0,16,-2,4.47325,51.5515,0,0,16,0,72,0,0,0,0,0,0,0,0
934,54,88,4.617,16.8984,0,22,-2,4.47324,51.5514,0,0,16,0,70,0,0,0,0,0,0,0,0
935,57,88,4.622,16.8984,0,28,-2,4.47324,51.5514,0,0,16,0,63,0,0,0,0,0,0,0,0
936,58,88,4.627,17.1972,0,14,-2,4.47323,51.5513,0,0,16,0,46,0,0,0,0,0,0,0,0
937,45,88,4.632,17.1972,0,62,-2,4.47322,51.5513,0,0,16,0,50,0,0,0,0,0,0,0,0
938,58,88,4.637,15.3,0,128,-2,4.47321,51.5512,0,0,16,0,55,0,0,0,0,0,0,0,0
939,56,88,4.641,15.3,0,161,-2,4.4732,51.5512,0,0,16,0,51,0,0,0,0,0,0,0,0
940,56,88,4.647,16.8984,0,172,-2,4.47319,51.5511,0,0,16,0,47,0,0,0,0,0,0,0,0
941,58,88,4.651,17.1972,0,179,-2,4.47318,51.5511,0,0,16,0,48,0,0,0,0,0,0,0,0
942,60,88,4.657,17.1972,0,177,-2,4.47317,51.5511,0,0,16,0,46,0,0,0,0,0,0,0,0
943,61,89,4.662,18.5976,0,159,-2,4.47316,51.551,0,0,16,0,45,0,0,0,0,0,0,0,0
944,63,89,4.667,19.2996,0,129,-2,4.47315,51.551,0,0,16,0,44,0,0,0,0,0,0,0,0
945,65,89,4.672,19.2996,0,118,-2,4.47314,51.5509,0,0,16,0,44,0,0,0,0,0,0,0,0
946,66,90,4.678,18.9972,0,104,-2,4.47313,51.5509,0,0,16,0,46,0,0,0,0,0,0,0,0
947,68,90,4.683,18.9972,0,88,-2,4.47311,51.5508,0,0,16,0,44,0,0,0,0,0,0,0,0
948,68,90,4.69,18.9972,0,83,-2,4.4731,51.5508,0,0,16,0,45,0,0,0,0,0,0,0,0
949,68,90,4.695,18.9972,0,78,-2,4.47308,51.5507,0,0,16,0,48,0,0,0,0,0,0,0,0
950,69,90,4.701,19.2996,0,43,-2,4.47308,51.5507,0,0,16,0,45,0,0,0,0,0,0,0,0
951,68,90,4.706,18.9972,0,43,-2,4.47307,51.5506,0,0,16,0,-255,0,0,0,0,0,0,0,0
952,68,90,4.71,17.7984,0,43,-2,4.47304,51.5506,0,0,16,0,-255,0,0,0,0,0,0,0,0
953,0,90,4.715,17.298,0,0,-2,4.47303,51.5505,0,0,16,0,-255,0,0,0,0,0,0,0,0
954,0,90,4.718,16.9992,0,0,-2,4.47303,51.5505,0,0,16,0,-255,0,0,0,0,0,0,0,0
955,0,90,4.723,16.9992,0,0,-2,4.47302,51.5505,0,0,16,0,-255,0,0,0,0,0,0,0,0
956,0,90,4.728,16.9992,0,0,-2,4.47301,51.5504,0,0,16,0,-255,0,0,0,0,0,0,0,0
957,0,91,4.733,16.9992,0,0,-2,4.473,51.5504,0,0,16,0,-255,0,0,0,0,0,0,0,0
958,0,91,4.738,16.5996,0,0,-2,4.47299,51.5503,0,0,16,0,-255,0,0,0,0,0,0,0,0
959,54,91,4.742,16.5996,0,49,-1,4.47297,51.5503,0,0,16,0,-255,0,0,0,0,0,0,0,0
960,55,90,4.746,16.5996,0,61,-1,4.47295,51.5503,0,0,16,0,53,0,0,0,0,0,0,0,0
961,56,90,4.751,15.498,0,63,-1,4.47294,51.5502,0,0,16,0,52,0,0,0,0,0,0,0,0
962,58,90,4.755,15.498,0,59,-1,4.47293,51.5502,0,0,16,0,44,0,0,0,0,0,0,0,0
963,58,90,4.76,16.0992,0,69,-1,4.47292,51.5501,0,0,16,0,45,0,0,0,0,0,0,0,0
964,60,90,4.765,17.6976,0,89,-1,4.4729,51.5501,0,0,16,0,45,0,0,0,0,0,0,0,0
965,60,91,4.771,18,0,87,-1,4.47289,51.55,0,0,16,0,41,0,0,0,0,0,0,0,0
966,62,91,4.776,18.2988,0,80,-1,4.47287,51.55,0,0,16,0,44,0,0,0,0,0,0,0,0
967,64,92,4.781,18.3996,0,65,-1,4.47285,51.55,0,0,16,0,46,0,0,0,0,0,0,0,0
968,65,93,4.787,18.3996,0,60,-1,4.47283,51.5499,0,0,16,0,47,0,0,0,0,0,0,0,0
969,67,93,4.792,18.3996,0,58,-1,4.47282,51.5499,0,0,16,0,48,0,0,0,0,0,0,0,0
970,68,93,4.799,18.5976,0,25,-1,4.47281,51.5498,0,0,16,0,54,0,0,0,0,0,0,0,0
971,68,94,4.805,19.4976,0,25,-1,4.4728,51.5497,0,0,16,0,-255,0,0,0,0,0,0,0,0
972,68,94,4.811,19.8972,0,25,-1,4.4728,51.5497,0,0,16,0,-255,0,0,0,0,0,0,0,0
973,0,95,4.816,19.8972,0,0,-1,4.47279,51.5496,0,0,16,0,-255,0,0,0,0,0,0,0,0
974,0,95,4.821,18.5976,0,0,-1,4.4728,51.5496,0,0,16,0,-255,0,0,0,0,0,0,0,0
975,0,96,4.827,18.4968,0,0,-1,4.4728,51.5496,0,0,16,0,-255,0,0,0,0,0,0,0,0
976,0,96,4.833,18.4968,0,0,-1,4.4728,51.5495,0,0,16,0,-255,0,0,0,0,0,0,0,0
977,0,96,4.839,18.5976,0,0,-1,4.4728,51.5494,0,0,16,0,-255,0,0,0,0,0,0,0,0
978,0,94,4.844,18.5976,0,0,-1,4.47281,51.5494,0,0,16,0,-255,0,0,0,0,0,0,0,0
979,0,93,4.849,18.5976,0,0,-1,4.47281,51.5494,0,0,16,0,-255,0,0,0,0,0,0,0,0
980,0,91,4.856,18.0972,0,0,-1,4.47283,51.5493,0,0,16,0,-255,0,0,0,0,0,0,0,0
981,0,90,4.861,18,0,0,-1,4.47283,51.5492,0,0,16,0,-255,0,0,0,0,0,0,0,0
982,0,88,4.868,17.298,0,0,-1,4.47285,51.5492,0,0,16,0,-255,0,0,0,0,0,0,0,0
983,0,87,4.873,16.9992,0,0,-1,4.47288,51.5491,0,0,16,0,-255,0,0,0,0,0,0,0,0
984,0,87,4.877,16.8984,0,0,-1,4.4729,51.5491,0,0,16,0,-255,0,0,0,0,0,0,0,0
985,53,87,4.882,16.2972,0,112,-1,4.47292,51.5491,0,0,16,0,-255,0,0,0,0,0,0,0,0
986,53,87,4.887,16.4988,0,112,-1,4.47295,51.549,0,0,16,0,-255,0,0,0,0,0,0,0,0
987,0,86,4.893,16.4988,0,0,-1,4.47298,51.549,0,0,16,0,-255,0,0,0,0,0,0,0,0
988,0,86,4.898,17.3988,0,0,-1,4.47301,51.5489,0,0,16,0,-255,0,0,0,0,0,0,0,0
989,0,86,4.903,17.3988,0,0,-1,4.47303,51.5489,0,0,16,0,-255,0,0,0,0,0,0,0,0
990,0,85,4.907,15.9984,0,0,-1,4.47305,51.5489,0,0,16,0,-255,0,0,0,0,0,0,0,0
991,0,86,4.91,15.3972,0,0,-1,4.47307,51.5488,0,0,16,0,-255,0,0,0,0,0,0,0,0
992,0,86,4.915,15.5988,0,0,-1,4.47309,51.5488,0,0,16,0,-255,0,0,0,0,0,0,0,0
993,55,87,4.919,15.5988,0,217,-1,4.47312,51.5488,0,0,16,0,-255,0,0,0,0,0,0,0,0
994,55,87,4.923,16.9992,0,208,-1,4.47315,51.5487,0,0,16,0,45,0,0,0,0,0,0,0,0
995,54,88,4.928,18.198,0,152,-1,4.47318,51.5487,0,0,16,0,47,0,0,0,0,0,0,0,0
996,58,88,4.933,18.198,0,50,-1,4.47321,51.5486,0,0,16,0,45,0,0,0,0,0,0,0,0
997,58,88,4.937,17.8992,0,50,-1,4.47322,51.5486,0,0,16,0,45,0,0,0,0,0,0,0,0
998,58,88,4.942,16.4988,0,50,-1,4.47325,51.5486,0,0,16,0,45,0,0,0,0,0,0,0,0
999,57,88,4.946,16.4988,0,111,-1,4.47327,51.5485,0,0,16,0,-255,0,0,0,0,0,0,0,0
1000,49,88,4.95,16.6968,0,116,-1,4.47329,51.5485,0,0,16,0,-255,0,0,0,0,0,0,0,0
1001,53,88,4.955,17.1972,0,69,-1,4.47332,51.5485,0,0,16,0,-255,0,0,0,0,0,0,0,0
1002,53,90,4.96,17.1972,0,69,-1,4.47335,51.5484,0,0,16,0,-255,0,0,0,0,0,0,0,0
1003,53,90,4.964,15.6996,0,69,-1,4.47337,51.5484,0,0,16,0,-255,0,0,0,0,0,0,0,0
1004,0,90,4.968,13.1976,0,0,-1,4.47339,51.5483,0,0,16,0,-255,0,0,0,0,0,0,0,0
1005,0,90,4.971,10.4976,0,0,-1,4.47341,51.5483,0,0,16,0,-255,0,0,0,0,0,0,0,0
1006,0,90,4.974,10.4976,0,0,0,4.47343,51.5483,0,0,16,0,-255,0,0,0,0,0,0,0,0
1007,42,90,4.977,11.0988,0,212,0,4.47345,51.5483,0,0,16,0,-255,0,0,0,0,0,0,0,0
1008,40,90,4.981,11.1996,0,167,0,4.47347,51.5482,0,0,16,0,50,0,0,0,0,0,0,0,0
1009,42,90,4.985,12.3984,0,150,0,4.47349,51.5482,0,0,16,0,46,0,0,0,0,0,0,0,0
1010,44,91,4.989,13.1976,0,171,0,4.4735,51.5482,0,0,16,0,46,0,0,0,0,0,0,0,0
1011,46,90,4.992,14.0976,0,171,0,4.47351,51.5481,0,0,16,0,48,0,0,0,0,0,0,0,0
1012,46,91,4.996,14.2992,0,175,0,4.47351,51.5481,0,0,16,0,45,0,0,0,0,0,0,0,0
1013,49,91,5,14.2992,0,185,0,4.47352,51.5481,0,0,16,0,47,0,0,0,0,0,0,0,0
1014,50,92,5.004,15.1992,0,178,0,4.47353,51.548,0,0,16,0,48,0,0,0,0,0,0,0,0
1015,51,93,5.007,15.3,0,170,0,4.47356,51.548,0,0,16,0,45,0,0,0,0,0,0,0,0
1016,52,93,5.011,15.498,0,162,0,4.47357,51.548,0,0,16,0,45,0,0,0,0,0,0,0,0
1017,54,96,5.016,15.7968,0,168,0,4.47359,51.5479,0,0,16,0,43,0,0,0,0,0,0,0,0
1018,55,97,5.02,16.5996,0,155,0,4.4736,51.5479,0,0,16,0,42,0,0,0,0,0,0,0,0
1019,55,98,5.025,17.4996,0,148,0,4.47362,51.5479,0,0,16,0,43,0,0,0,0,0,0,0,0
1020,56,99,5.03,17.4996,0,139,0,4.47363,51.5478,0,0,16,0,43,0,0,0,0,0,0,0,0
1021,57,100,5.034,17.4996,0,122,0,4.47365,51.5478,0,0,16,0,44,0,0,0,0,0,0,0,0
1022,56,101,5.041,16.8984,0,118,0,4.47366,51.5477,0,0,16,0,46,0,0,0,0,0,0,0,0
1023,56,101,5.046,16.8984,0,115,0,4.47368,51.5477,0,0,16,0,45,0,0,0,0,0,0,0,0
1024,57,101,5.049,16.2972,0,111,0,4.47369,51.5476,0,0,16,0,45,0,0,0,0,0,0,0,0
1025,57,102,5.053,15.9984,0,111,0,4.4737,51.5476,0,0,16,0,45,0,0,0,0,0,0,0,0
1026,57,103,5.058,15.9984,0,92,0,4.4737,51.5476,0,0,16,0,47,0,0,0,0,0,0,0,0
1027,57,103,5.061,15.1992,0,92,0,4.4737,51.5475,0,0,16,0,47,0,0,0,0,0,0,0,0
1028,57,104,5.066,15.3,0,86,0,4.47371,51.5475,0,0,16,0,45,0,0,0,0,0,0,0,0
1029,57,104,5.069,14.7996,0,111,0,4.47372,51.5475,0,0,16,0,44,0,0,0,0,0,0,0,0
1030,58,105,5.075,15.3,0,102,0,4.47374,51.5474,0,0,16,0,44,0,0,0,0,0,0,0,0
1031,58,105,5.08,16.4988,0,92,0,4.47376,51.5474,0,0,16,0,46,0,0,0,0,0,0,0,0
1032,59,104,5.084,17.1,0,104,0,4.47378,51.5473,0,0,16,0,44,0,0,0,0,0,0,0,0
1033,59,104,5.089,17.1,0,104,0,4.47381,51.5473,0,0,16,0,44,0,0,0,0,0,0,0,0
1034,58,104,5.095,17.1,0,107,0,4.47384,51.5472,0,0,16,0,42,0,0,0,0,0,0,0,0
1035,59,104,5.1,17.1,0,92,0,4.47386,51.5472,0,0,16,0,41,0,0,0,0,0,0,0,0
1036,59,104,5.105,17.1,0,92,0,4.47389,51.5472,0,0,16,0,41,0,0,0,0,0,0,0,0
1037,59,105,5.11,16.6968,0,35,0,4.47392,51.5471,0,0,16,0,46,0,0,0,0,0,0,0,0
1038,59,106,5.115,15.5988,0,35,0,4.47394,51.5471,0,0,16,0,46,0,0,0,0,0,0,0,0
1039,59,106,5.12,15.498,0,35,0,4.47397,51.547,0,0,16,0,46,0,0,0,0,0,0,0,0
1040,58,107,5.125,15.5988,0,96,0,4.474,51.547,0,0,16,0,-255,0,0,0,0,0,0,0,0
1041,56,107,5.13,16.4988,0,94,0,4.47403,51.547,0,0,16,0,-255,0,0,0,0,0,0,0,0
1042,56,106,5.137,16.8984,0,61,0,4.47407,51.5469,0,0,16,0,26,0,0,0,0,0,0,0,0
1043,58,106,5.143,18.3996,0,58,0,4.4741,51.5469,0,0,16,0,29,0,0,0,0,0,0,0,0
1044,58,105,5.149,18.3996,0,33,0,4.47413,51.5468,0,0,16,0,39,0,0,0,0,0,0,0,0
1045,58,105,5.154,18.3996,0,33,0,4.47416,51.5468,0,0,16,0,39,0,0,0,0,0,0,0,0
1046,51,104,5.16,18.4968,0,33,0,4.47419,51.5467,0,0,16,0,-255,0,0,0,0,0,0,0,0
1047,45,103,5.165,18.6984,0,33,0,4.47423,51.5467,0,0,16,0,-255,0,0,0,0,0,0,0,0
1048,36,103,5.169,18.9972,0,33,0,4.47427,51.5466,0,0,16,0,-255,0,0,0,0,0,0,0,0
1049,33,102,5.174,18.9972,0,33,0,4.4743,51.5466,0,0,16,0,-255,0,0,0,0,0,0,0,0
1050,33,102,5.178,17.8992,0,33,0,4.47433,51.5466,0,0,16,0,-255,0,0,0,0,0,0,0,0
1051,0,101,5.183,17.8992,0,0,0,4.47435,51.5465,0,0,16,0,-255,0,0,0,0,0,0,0,0
1052,0,100,5.188,16.9992,0,0,0,4.47436,51.5465,0,0,16,0,-255,0,0,0,0,0,0,0,0
1053,0,99,5.191,15.498,0,0,0,4.47437,51.5465,0,0,16,0,-255,0,0,0,0,0,0,0,0
1054,0,99,5.196,14.9976,0,0,0,4.47439,51.5464,0,0,16,0,-255,0,0,0,0,0,0,0,0
1055,0,99,5.2,14.9976,0,0,0,4.47441,51.5464,0,0,16,0,-255,0,0,0,0,0,0,0,0
1056,0,99,5.204,14.7996,0,0,-1,4.47443,51.5463,0,0,16,0,-255,0,0,0,0,0,0,0,0
1057,0,99,5.208,14.4972,0,0,-1,4.47444,51.5463,0,0,16,0,-255,0,0,0,0,0,0,0,0
1058,0,95,5.211,14.4972,0,0,-1,4.47445,51.5463,0,0,16,0,-255,0,0,0,0,0,0,0,0
1059,0,93,5.215,12.9996,0,0,-1,4.47446,51.5462,0,0,16,0,-255,0,0,0,0,0,0,0,0
1060,0,91,5.218,11.7,0,0,-1,4.47447,51.5462,0,0,16,0,-255,0,0,0,0,0,0,0,0
1061,0,89,5.221,11.7,0,0,-1,4.47447,51.5462,0,0,16,0,-255,0,0,0,0,0,0,0,0
1062,0,89,5.226,11.7972,0,0,-1,4.47449,51.5462,0,0,16,0,-255,0,0,0,0,0,0,0,0
1063,42,89,5.23,13.0968,0,127,-1,4.4745,51.5461,0,0,16,0,-255,0,0,0,0,0,0,0,0
1064,45,89,5.234,14.4,0,117,-1,4.47452,51.5461,0,0,16,0,50,0,0,0,0,0,0,0,0
1065,45,89,5.238,14.4,0,40,-1,4.47453,51.546,0,0,16,0,53,0,0,0,0,0,0,0,0
1066,49,89,5.241,14.8968,0,66,-1,4.47455,51.546,0,0,16,0,53,0,0,0,0,0,0,0,0
1067,49,89,5.246,14.8968,0,68,-1,4.47457,51.546,0,0,16,0,57,0,0,0,0,0,0,0,0
1068,34,89,5.25,15.0984,0,25,-1,4.4746,51.5459,0,0,16,0,39,0,0,0,0,0,0,0,0
1069,34,89,5.254,15.0984,0,25,-1,4.47463,51.5459,0,0,16,0,39,0,0,0,0,0,0,0,0
1070,34,86,5.258,14.4972,0,25,-1,4.47465,51.5459,0,0,16,0,39,0,0,0,0,0,0,0,0
1071,24,85,5.262,14.4,0,32,-1,4.47467,51.5458,0,0,16,0,-255,0,0,0,0,0,0,0,0
1072,24,86,5.266,14.0976,0,32,-1,4.47469,51.5458,0,0,16,0,-255,0,0,0,0,0,0,0,0
1073,24,87,5.27,14.4,0,32,-1,4.47472,51.5458,0,0,16,0,-255,0,0,0,0,0,0,0,0
1074,24,88,5.274,15.3,0,32,-1,4.47475,51.5458,0,0,16,0,-255,0,0,0,0,0,0,0,0
1075,55,89,5.28,16.2,0,166,-1,4.47476,51.5457,0,0,16,0,45,0,0,0,0,0,0,0,0
1076,53,89,5.284,17.6976,0,147,-1,4.47478,51.5457,0,0,16,0,-255,0,0,0,0,0,0,0,0
1077,50,89,5.289,17.6976,0,35,-1,4.47478,51.5456,0,0,16,0,-255,0,0,0,0,0,0,0,0
1078,50,88,5.292,15.8976,0,35,-1,4.47478,51.5456,0,0,16,0,-255,0,0,0,0,0,0,0,0
1079,65,89,5.297,15.8976,0,226,-1,4.47479,51.5455,0,0,16,0,-255,0,0,0,0,0,0,0,0
1080,66,88,5.301,17.1972,0,127,-1,4.47481,51.5455,0,0,16,0,-255,0,0,0,0,0,0,0,0
1081,66,88,5.307,19.5984,0,127,-1,4.47481,51.5455,0,0,16,0,-255,0,0,0,0,0,0,0,0
1082,0,88,5.312,19.5984,0,0,-1,4.4748,51.5454,0,0,16,0,-255,0,0,0,0,0,0,0,0
1083,0,89,5.318,18.6984,0,0,-1,4.4748,51.5454,0,0,16,0,-255,0,0,0,0,0,0,0,0
1084,0,89,5.322,18.6984,0,0,-1,4.4748,51.5453,0,0,16,0,-255,0,0,0,0,0,0,0,0
1085,0,89,5.328,18.6984,0,0,-1,4.4748,51.5453,0,0,16,0,-255,0,0,0,0,0,0,0,0
1086,0,89,5.332,18,0,0,-1,4.47481,51.5452,0,0,16,0,-255,0,0,0,0,0,0,0,0
1087,0,89,5.337,18,0,0,-1,4.4748,51.5452,0,0,16,0,-255,0,0,0,0,0,0,0,0
1088,0,88,5.342,18.0972,0,0,-1,4.4748,51.5451,0,0,16,0,-255,0,0,0,0,0,0,0,0
1089,0,88,5.346,18.0972,0,0,-1,4.47479,51.5451,0,0,16,0,-255,0,0,0,0,0,0,0,0
1090,0,88,5.35,14.2992,0,0,-1,4.47479,51.5451,0,0,16,0,-255,0,0,0,0,0,0,0,0
1091,0,89,5.352,10.8972,0,0,-1,4.47481,51.5451,0,0,16,0,-255,0,0,0,0,0,0,0,0
1092,0,89,5.355,6.3,0,0,-1,4.47483,51.545,0,0,16,0,-255,0,0,0,0,0,0,0,0
1093,0,89,5.357,0,0,0,-1,4.47484,51.545,0,0,16,0,-255,0,0,0,0,0,0,0,0
1094,0,89,5.359,0,0,0,-1,4.47484,51.545,0,0,16,0,-255,0,0,0,0,0,0,0,0
1097,0,89,5.359,3.3984,0,0,-1,4.47485,51.545,0,0,16,0,-255,0,0,0,0,0,0,0,0
1098,0,90,5.36,4.3992,0,0,-1,4.47487,51.545,0,0,16,0,-255,0,0,0,0,0,0,0,0
1099,0,91,5.363,5.4972,0,0,-1,4.4749,51.5449,0,0,16,0,-255,0,0,0,0,0,0,0,0
1100,0,92,5.367,8.1972,0,0,-1,4.47494,51.5449,0,0,16,0,-255,0,0,0,0,0,0,0,0
1101,30,94,5.369,10.1988,0,91,-1,4.47498,51.5449,0,0,16,0,46,0,0,0,0,0,0,0,0
1102,33,97,5.372,10.1988,0,54,-1,4.47502,51.5449,0,0,16,0,21,0,0,0,0,0,0,0,0
1103,35,99,5.374,9.4968,0,98,-1,4.47505,51.5449,0,0,16,0,40,0,0,0,0,0,0,0,0
1104,34,100,5.377,8.6976,0,101,-1,4.47508,51.5449,0,0,16,0,47,0,0,0,0,0,0,0,0
1105,32,101,5.379,8.6976,0,112,-1,4.47512,51.5449,0,0,16,0,55,0,0,0,0,0,0,0,0
1106,30,101,5.383,10.998,0,124,-1,4.47517,51.5449,0,0,16,0,55,0,0,0,0,0,0,0,0
1107,35,100,5.387,12.9996,0,104,0,4.47522,51.5449,0,0,16,0,44,0,0,0,0,0,0,0,0
1108,42,99,5.391,14.4,0,140,0,4.47529,51.5449,0,0,16,0,47,0,0,0,0,0,0,0,0
1109,47,97,5.396,15.9984,0,179,0,4.47535,51.5449,0,0,16,0,48,0,0,0,0,0,0,0,0
1110,52,96,5.401,16.2972,0,173,0,4.47542,51.5449,0,0,16,0,48,0,0,0,0,0,0,0,0
1111,56,95,5.405,16.6968,0,131,0,4.47549,51.5449,0,0,16,0,42,0,0,0,0,0,0,0,0
1112,58,94,5.41,16.6968,0,105,0,4.47555,51.5449,0,0,16,0,43,0,0,0,0,0,0,0,0
1113,59,94,5.415,16.6968,0,83,0,4.47562,51.5449,0,0,16,0,41,0,0,0,0,0,0,0,0
1114,60,94,5.419,17.1,0,84,0,4.47569,51.5448,0,0,16,0,41,0,0,0,0,0,0,0,0
1115,61,94,5.424,17.4996,0,81,0,4.47576,51.5448,0,0,16,0,41,0,0,0,0,0,0,0,0
1116,61,94,5.429,17.4996,0,81,0,4.47583,51.5448,0,0,16,0,41,0,0,0,0,0,0,0,0
1117,62,94,5.435,17.3988,0,58,0,4.4759,51.5448,0,0,16,0,41,0,0,0,0,0,0,0,0
1118,61,95,5.439,17.298,0,78,0,4.47597,51.5448,0,0,16,0,44,0,0,0,0,0,0,0,0
1119,60,96,5.444,17.298,0,92,0,4.47604,51.5448,0,0,16,0,47,0,0,0,0,0,0,0,0
1120,60,97,5.449,17.1972,0,81,0,4.47611,51.5448,0,0,16,0,46,0,0,0,0,0,0,0,0
1121,61,98,5.454,15.6996,0,65,0,4.47617,51.5448,0,0,16,0,44,0,0,0,0,0,0,0,0
1122,61,99,5.458,15.6996,0,66,0,4.47624,51.5448,0,0,16,0,42,0,0,0,0,0,0,0,0
1123,61,101,5.463,16.2972,0,81,0,4.47631,51.5448,0,0,16,0,43,0,0,0,0,0,0,0,0
1124,62,101,5.469,16.7976,0,78,0,4.47639,51.5448,0,0,16,0,45,0,0,0,0,0,0,0,0
1125,62,101,5.475,17.1,0,61,0,4.47647,51.5448,0,0,16,0,44,0,0,0,0,0,0,0,0
1126,62,101,5.48,17.1,0,46,0,4.47655,51.5447,0,0,16,0,45,0,0,0,0,0,0,0,0
1127,62,100,5.485,16.5996,0,85,0,4.47662,51.5447,0,0,16,0,36,0,0,0,0,0,0,0,0
1128,61,100,5.49,16.5996,0,114,0,4.47669,51.5447,0,0,16,0,32,0,0,0,0,0,0,0,0
1129,57,100,5.495,15.6996,0,56,0,4.47676,51.5447,0,0,16,0,35,0,0,0,0,0,0,0,0
1130,56,100,5.5,14.7996,0,17,0,4.47682,51.5447,0,0,16,0,49,0,0,0,0,0,0,0,0
1131,56,100,5.504,14.4,0,17,0,4.47688,51.5447,0,0,16,0,49,0,0,0,0,0,0,0,0
1132,0,101,5.509,14.4,0,0,0,4.47695,51.5447,0,0,16,0,49,0,0,0,0,0,0,0,0
1133,0,102,5.513,14.4,0,0,0,4.47701,51.5447,0,0,16,0,49,0,0,0,0,0,0,0,0
1134,0,102,5.518,13.8996,0,0,0,4.47708,51.5447,0,0,16,0,-255,0,0,0,0,0,0,0,0
1135,0,102,5.521,13.5972,0,0,0,4.47713,51.5447,0,0,16,0,-255,0,0,0,0,0,0,0,0
1136,0,102,5.525,13.3992,0,0,0,4.47719,51.5447,0,0,16,0,-255,0,0,0,0,0,0,0,0
1137,0,102,5.53,12.9996,0,0,0,4.47725,51.5447,0,0,16,0,-255,0,0,0,0,0,0,0,0
1138,0,102,5.533,12.0996,0,0,0,4.4773,51.5447,0,0,16,0,-255,0,0,0,0,0,0,0,0
1139,0,102,5.536,11.7972,0,0,1,4.47735,51.5447,0,0,16,0,-255,0,0,0,0,0,0,0,0
1140,0,102,5.539,10.8972,0,0,1,4.47739,51.5447,0,0,16,0,-255,0,0,0,0,0,0,0,0
1141,0,102,5.543,10.4976,0,0,1,4.47744,51.5447,0,0,16,0,-255,0,0,0,0,0,0,0,0
1142,0,102,5.546,10.4976,0,0,1,4.47749,51.5447,0,0,16,0,-255,0,0,0,0,0,0,0,0
1143,0,102,5.549,11.1996,0,0,1,4.47753,51.5447,0,0,16,0,-255,0,0,0,0,0,0,0,0
1144,0,100,5.552,11.1996,0,0,1,4.47757,51.5447,0,0,16,0,-255,0,0,0,0,0,0,0,0
1145,0,99,5.555,10.4976,0,0,1,4.4776,51.5447,0,0,16,0,-255,0,0,0,0,0,0,0,0
1146,0,96,5.558,10.4976,0,0,1,4.47761,51.5448,0,0,16,0,-255,0,0,0,0,0,0,0,0
1147,42,94,5.561,11.0988,0,113,1,4.47762,51.5448,0,0,16,0,55,0,0,0,0,0,0,0,0
1148,37,92,5.564,12.1968,0,75,1,4.47764,51.5448,0,0,16,0,47,0,0,0,0,0,0,0,0
1149,37,91,5.57,13.2984,0,75,1,4.47765,51.5449,0,0,16,0,47,0,0,0,0,0,0,0,0
1150,53,90,5.573,13.2984,0,119,1,4.47766,51.5449,0,0,16,0,48,0,0,0,0,0,0,0,0
1151,47,92,5.577,13.2984,0,69,1,4.47767,51.5449,0,0,16,0,49,0,0,0,0,0,0,0,0
1152,47,92,5.581,13.2984,0,47,1,4.47768,51.545,0,0,16,0,45,0,0,0,0,0,0,0,0
1153,48,92,5.585,13.5,0,27,0,4.47768,51.545,0,0,16,0,51,0,0,0,0,0,0,0,0
1154,48,92,5.589,13.5,0,27,0,4.47768,51.545,0,0,16,0,51,0,0,0,0,0,0,0,0
1155,0,92,5.593,12.9996,0,0,0,4.47769,51.5451,0,0,16,0,51,0,0,0,0,0,0,0,0
1156,0,91,5.597,12.4992,0,0,0,4.47769,51.5451,0,0,16,0,51,0,0,0,0,0,0,0,0
1157,0,90,5.602,12.4992,0,0,0,4.47769,51.5451,0,0,16,0,-255,0,0,0,0,0,0,0,0
1158,0,90,5.606,12.4992,0,0,0,4.47768,51.5452,0,0,16,0,-255,0,0,0,0,0,0,0,0
1159,0,89,5.61,12.4992,0,0,0,4.47768,51.5452,0,0,16,0,-255,0,0,0,0,0,0,0,0
1160,0,88,5.614,11.898,0,0,0,4.47769,51.5452,0,0,16,0,-255,0,0,0,0,0,0,0,0
1161,0,88,5.617,11.7,0,0,1,4.4777,51.5453,0,0,16,0,-255,0,0,0,0,0,0,0,0
1162,0,88,5.621,11.0988,0,0,1,4.4777,51.5453,0,0,16,0,-255,0,0,0,0,0,0,0,0
1163,0,85,5.625,11.0988,0,0,1,4.47771,51.5453,0,0,16,0,-255,0,0,0,0,0,0,0,0
1164,0,85,5.628,11.0988,0,0,1,4.47773,51.5454,0,0,16,0,-255,0,0,0,0,0,0,0,0
1165,0,83,5.63,11.0988,0,0,1,4.47777,51.5454,0,0,16,0,-255,0,0,0,0,0,0,0,0
1166,0,83,5.632,9.4968,0,0,1,4.47779,51.5454,0,0,16,0,-255,0,0,0,0,0,0,0,0
1167,0,83,5.634,7.0992,0,0,1,4.47782,51.5454,0,0,16,0,-255,0,0,0,0,0,0,0,0
1168,0,81,5.635,0,0,0,1,4.47783,51.5454,0,0,16,0,-255,0,0,0,0,0,0,0,0
1169,0,80,5.637,0,0,0,1,4.47784,51.5454,0,0,16,0,-255,0,0,0,0,0,0,0,0
