Date; ATL; CTL; TSB; TRIMP Short Term Stress; TRIMP Long Term Stress; TRIMP Stress Balance; CP (Ext)
jan 01 2017;49;48;-8;67;68;-8;308
jan 02 2017;54;49;-2;74;69;1;308
jan 03 2017;57;49;-6;77;69;-5;308
jan 04 2017;49;48;-7;66;68;-7;308
jan 05 2017;42;47;-1;58;66;1;308
jan 06 2017;37;46;4;50;65;9;308
jan 07 2017;43;47;9;62;66;15;308
jan 08 2017;46;47;4;67;67;4;308
jan 09 2017;40;46;1;58;66;0;308
jan 10 2017;42;46;6;60;66;8;308
jan 11 2017;37;45;4;52;64;5;315
jan 12 2017;45;46;8;64;66;12;315
jan 13 2017;39;45;1;55;64;2;315
jan 14 2017;34;44;6;48;63;9;315
jan 15 2017;42;45;10;58;64;15;315
jan 16 2017;46;46;3;59;64;6;315
jan 17 2017;52;47;0;63;65;5;315
jan 18 2017;51;47;-4;60;64;2;315
jan 19 2017;44;46;-4;52;63;5;315
jan 20 2017;38;45;2;45;61;11;315
jan 21 2017;61;49;7;83;68;16;315
jan 22 2017;53;48;-12;72;66;-16;315
jan 23 2017;46;46;-5;63;65;-6;315
jan 24 2017;40;45;1;54;63;2;315
jan 25 2017;43;46;6;60;64;9;315
jan 26 2017;46;46;3;65;65;4;315
jan 27 2017;40;45;0;57;63;0;315
jan 28 2017;60;49;5;100;71;7;315
jan 29 2017;52;47;-11;87;69;-30;315
jan 30 2017;45;46;-5;75;68;-18;315
jan 31 2017;46;46;1;73;67;-8;315
feb 01 2017;40;45;1;63;66;-6;315
feb 02 2017;44;46;6;68;67;2;315
feb 03 2017;38;45;2;59;65;-2;315
feb 04 2017;40;45;7;58;65;6;315
feb 05 2017;66;50;5;111;74;6;315
feb 06 2017;57;48;-17;96;72;-37;315
feb 07 2017;58;49;-9;93;72;-24;315
feb 08 2017;71;51;-9;114;76;-21;315
feb 09 2017;62;50;-20;99;74;-38;315
feb 10 2017;54;49;-12;86;73;-24;315
feb 11 2017;58;50;-5;85;73;-13;315
feb 12 2017;59;50;-8;85;73;-12;315
feb 13 2017;51;49;-9;74;72;-12;315
feb 14 2017;44;48;-2;64;70;-2;315
feb 15 2017;58;50;3;83;73;6;315
feb 16 2017;64;51;-8;86;74;-10;315
feb 17 2017;55;50;-12;75;72;-12;315
feb 18 2017;48;49;-5;65;70;-2;315
feb 19 2017;74;54;1;110;78;6;315
feb 20 2017;64;52;-21;95;76;-32;315
feb 21 2017;67;53;-12;94;77;-19;315
feb 22 2017;58;52;-14;82;75;-18;315
feb 23 2017;54;51;-6;75;74;-7;315
feb 24 2017;59;52;-3;75;74;-1;315
feb 25 2017;51;51;-7;65;72;-1;315
feb 26 2017;63;53;0;81;75;7;315
feb 27 2017;54;52;-10;71;73;-7;315
feb 28 2017;59;53;-3;71;73;3;315
mrt 01 2017;51;51;-6;62;71;2;310
mrt 02 2017;53;52;1;63;71;10;310
mrt 03 2017;46;51;-1;55;70;8;310
mrt 04 2017;40;49;4;48;68;15;310
mrt 05 2017;55;52;9;76;73;21;310
mrt 06 2017;48;51;-3;66;71;-3;310
mrt 07 2017;41;49;3;57;69;5;310
mrt 08 2017;47;50;8;65;71;12;310
mrt 09 2017;41;49;3;57;69;5;310
mrt 10 2017;44;49;8;62;70;12;310
mrt 11 2017;38;48;6;54;68;7;310
mrt 12 2017;60;52;10;96;75;14;310
mrt 13 2017;52;51;-8;83;73;-21;310
mrt 14 2017;45;49;-1;72;72;-10;310
mrt 15 2017;62;52;4;105;77;-1;312
mrt 16 2017;54;51;-10;91;76;-28;312
mrt 17 2017;57;52;-3;91;76;-16;312
mrt 18 2017;49;50;-5;79;74;-15;312
mrt 19 2017;70;54;1;106;79;-5;312
mrt 20 2017;60;53;-16;92;77;-27;312
mrt 21 2017;52;52;-8;79;75;-14;312
mrt 22 2017;69;55;-1;108;80;-4;311
mrt 23 2017;60;53;-15;94;79;-28;311
mrt 24 2017;52;52;-7;81;77;-15;311
mrt 25 2017;45;51;0;71;75;-5;311
mrt 26 2017;69;55;6;104;81;4;311
mrt 27 2017;59;54;-14;91;79;-24;311
mrt 28 2017;52;52;-6;78;77;-12;311
mrt 29 2017;58;53;1;85;78;-1;311
mrt 30 2017;50;52;-5;74;76;-7;311
mrt 31 2017;51;52;2;74;76;3;311
apr 01 2017;44;51;1;64;75;2;311
apr 02 2017;84;58;7;104;81;10;311
apr 03 2017;73;57;-26;90;79;-22;311
apr 04 2017;79;58;-16;103;82;-11;311
apr 05 2017;69;57;-21;90;80;-21;311
apr 06 2017;60;55;-12;78;78;-9;311
apr 07 2017;70;57;-4;92;81;1;311
apr 08 2017;60;56;-12;80;79;-11;311
apr 09 2017;84;60;-5;124;87;-1;311
apr 10 2017;73;59;-24;108;85;-38;311
apr 11 2017;74;59;-14;109;85;-23;311
apr 12 2017;73;59;-15;104;85;-23;311
apr 13 2017;63;58;-13;90;83;-19;311
apr 14 2017;59;57;-5;84;82;-7;311
apr 15 2017;52;56;-2;73;80;-2;311
apr 16 2017;80;61;5;122;89;7;311
apr 17 2017;69;60;-19;105;87;-33;311
apr 18 2017;71;60;-9;105;87;-19;311
apr 19 2017;64;59;-11;95;86;-18;311
apr 20 2017;56;58;-5;82;84;-9;311
apr 21 2017;48;56;2;71;82;1;311
apr 22 2017;42;55;8;62;80;10;311
apr 23 2017;57;58;13;89;84;18;311
apr 24 2017;50;56;0;77;82;-5;311
apr 25 2017;53;57;6;78;82;5;311
apr 26 2017;46;55;3;68;80;4;311
apr 27 2017;73;60;9;113;88;13;311
apr 28 2017;63;58;-13;98;86;-25;311
apr 29 2017;55;57;-5;85;84;-12;311
apr 30 2017;60;58;2;92;85;-1;311
mei 01 2017;52;57;-2;80;83;-7;311
mei 02 2017;45;55;4;69;81;3;311
mei 03 2017;57;57;10;89;84;12;310
mei 04 2017;66;59;0;99;86;-4;310
mei 05 2017;57;57;-7;86;84;-12;310
mei 06 2017;66;59;0;103;87;-1;310
mei 07 2017;57;58;-7;89;85;-16;310
mei 08 2017;58;58;0;77;83;-4;310
mei 09 2017;50;56;0;67;81;6;310
mei 10 2017;59;58;6;81;83;14;310
mei 11 2017;51;56;-1;70;81;3;310
mei 12 2017;44;55;5;61;80;11;310
mei 13 2017;71;59;11;115;89;19;310
mei 14 2017;78;61;-12;131;92;-26;310
mei 15 2017;67;59;-17;114;90;-39;310
mei 16 2017;63;59;-8;103;89;-24;310
mei 17 2017;55;57;-4;90;87;-15;310
mei 18 2017;61;58;3;93;87;-3;310
mei 19 2017;53;57;-2;81;85;-6;310
mei 20 2017;57;58;4;83;86;5;310
mei 21 2017;72;60;1;110;90;2;310
mei 22 2017;62;59;-12;96;88;-20;310
mei 23 2017;54;58;-3;83;86;-7;310
mei 24 2017;61;59;4;89;87;3;310
mei 25 2017;76;61;-2;107;90;-2;310
mei 26 2017;66;60;-15;93;88;-17;310
mei 27 2017;81;63;-6;127;94;-4;310
mei 28 2017;70;61;-18;110;92;-32;310
mei 29 2017;71;62;-9;108;92;-18;310
mei 30 2017;61;60;-9;94;90;-16;310
mei 31 2017;69;62;-1;104;92;-4;310
jun 01 2017;69;62;-8;99;91;-12;310
jun 02 2017;59;60;-7;86;89;-8;310
jun 03 2017;68;62;1;107;93;3;310
jun 04 2017;59;60;-6;93;91;-14;310
jun 05 2017;75;63;2;119;95;-2;310
jun 06 2017;65;62;-12;103;93;-24;310
jun 07 2017;68;62;-4;104;94;-10;321
jun 08 2017;59;61;-6;90;91;-11;321
jun 09 2017;51;59;1;78;89;1;321
jun 10 2017;66;62;8;97;92;11;321
jun 11 2017;73;63;-4;110;95;-5;321
jun 12 2017;64;62;-10;96;92;-16;321
jun 13 2017;75;64;-2;112;95;-3;321
jun 14 2017;65;62;-12;97;93;-17;321
jun 15 2017;81;65;-3;123;98;-4;321
jun 16 2017;70;64;-16;106;96;-25;321
jun 17 2017;68;63;-6;101;95;-11;321
jun 18 2017;71;64;-4;114;97;-7;321
jun 19 2017;61;62;-7;99;95;-17;321
jun 20 2017;53;61;1;86;93;-4;321
jun 21 2017;66;63;8;99;95;7;316
jun 22 2017;57;61;-3;86;93;-4;316
jun 23 2017;49;60;5;75;91;7;316
jun 24 2017;65;63;11;94;94;16;316
jun 25 2017;63;62;-3;88;93;0;316
jun 26 2017;55;61;-1;76;90;5;316
jun 27 2017;58;61;6;80;91;14;316
jun 28 2017;50;60;3;70;89;10;316
jun 29 2017;50;60;10;70;88;19;316
jun 30 2017;43;58;10;61;86;18;316
jul 01 2017;37;57;15;53;84;25;316
jul 02 2017;47;58;19;63;85;32;316
jul 03 2017;41;57;11;55;83;22;316
jul 04 2017;52;58;16;76;86;28;316
jul 05 2017;46;57;6;65;84;11;316
jul 06 2017;47;57;11;68;84;19;316
jul 07 2017;40;56;10;59;82;16;316
jul 08 2017;55;58;15;78;85;23;316
jul 09 2017;69;60;3;94;88;7;316
jul 10 2017;77;62;-9;109;91;-7;316
jul 11 2017;67;60;-15;95;89;-19;316
jul 12 2017;58;59;-6;82;86;-6;317
jul 13 2017;50;58;1;71;84;4;317
jul 14 2017;49;57;7;72;84;13;317
jul 15 2017;47;57;8;68;83;12;317
jul 16 2017;63;59;10;101;89;15;317
jul 17 2017;54;58;-4;87;87;-12;317
jul 18 2017;47;56;3;76;84;-1;317
jul 19 2017;58;58;9;96;88;9;317
jul 20 2017;50;57;0;83;86;-8;317
jul 21 2017;57;58;6;90;87;2;317
jul 22 2017;49;56;1;78;85;-3;317
jul 23 2017;68;60;7;105;90;7;317
jul 24 2017;71;60;-9;105;90;-16;317
jul 25 2017;61;59;-11;91;88;-15;317
jul 26 2017;69;60;-3;105;90;-3;317
jul 27 2017;60;59;-9;91;88;-15;317
jul 28 2017;56;58;-1;84;87;-3;317
jul 29 2017;67;60;2;102;90;3;317
jul 30 2017;63;60;-7;89;88;-12;317
jul 31 2017;71;61;-4;102;91;-1;317
aug 01 2017;61;60;-10;89;88;-12;317
aug 02 2017;53;58;-2;77;86;0;317
aug 03 2017;54;58;5;67;84;9;317
aug 04 2017;47;57;4;58;82;18;317
aug 05 2017;41;55;10;50;80;24;317
aug 06 2017;55;58;15;75;84;30;317
aug 07 2017;48;56;2;65;82;9;317
aug 08 2017;59;58;8;76;84;17;317
aug 09 2017;51;57;-1;66;82;7;310
aug 10 2017;70;60;6;86;85;16;310
aug 11 2017;60;59;-10;75;83;-1;310
aug 12 2017;81;62;-2;97;87;8;310
aug 13 2017;70;61;-19;84;85;-10;310
aug 14 2017;76;62;-10;88;85;1;310
aug 15 2017;66;61;-14;77;83;-3;310
aug 16 2017;82;63;-6;103;88;7;310
aug 17 2017;71;62;-18;89;86;-15;310
aug 18 2017;79;64;-9;106;89;-3;310
aug 19 2017;69;62;-16;92;87;-17;310
aug 20 2017;60;61;-7;79;85;-5;310
aug 21 2017;66;62;1;86;86;5;310
aug 22 2017;69;62;-4;90;86;0;310
aug 23 2017;60;61;-7;78;84;-4;310
aug 24 2017;64;62;1;80;85;6;310
aug 25 2017;55;60;-2;69;83;4;310
aug 26 2017;67;62;5;95;87;13;310
aug 27 2017;74;64;-5;102;88;-8;310
aug 28 2017;64;62;-11;88;86;-14;310
aug 29 2017;56;61;-2;77;84;-2;310
aug 30 2017;57;61;5;76;84;8;309
aug 31 2017;50;59;3;66;82;7;309
sep 01 2017;43;58;10;57;80;16;309
sep 02 2017;48;59;15;65;81;23;309
sep 03 2017;60;60;10;86;84;16;309
sep 04 2017;52;59;1;74;82;-2;309
sep 05 2017;49;58;7;70;81;8;309
sep 06 2017;48;58;9;68;81;12;309
sep 07 2017;41;56;10;59;79;13;309
sep 08 2017;38;55;15;54;77;20;309
sep 09 2017;58;59;18;92;83;24;309
sep 10 2017;50;57;1;80;81;-8;309
sep 11 2017;44;56;7;69;80;2;309
sep 12 2017;38;55;12;60;78;11;309
sep 13 2017;40;54;17;60;77;18;309
sep 14 2017;34;53;15;52;75;18;309
sep 15 2017;40;54;19;59;76;24;309
sep 16 2017;35;53;13;51;74;17;309
sep 17 2017;40;53;18;59;75;23;309
sep 18 2017;35;52;13;51;73;16;309
sep 19 2017;30;51;17;45;72;22;309
sep 20 2017;37;51;20;54;73;27;307
sep 21 2017;32;50;14;47;71;19;307
sep 22 2017;32;50;18;48;71;24;307
sep 23 2017;46;52;17;75;75;23;307
sep 24 2017;40;51;6;65;73;0;307
sep 25 2017;35;49;11;57;72;8;307
sep 26 2017;30;48;15;49;70;15;307
sep 27 2017;38;49;18;59;71;21;307
sep 28 2017;33;48;11;51;69;12;307
sep 29 2017;35;48;15;52;69;18;307
sep 30 2017;31;47;13;45;68;17;307
okt 01 2017;44;49;16;69;71;23;307
okt 02 2017;47;49;5;67;71;2;307
okt 03 2017;41;48;3;58;69;4;307
okt 04 2017;35;47;8;51;68;11;307
okt 05 2017;30;46;12;44;66;17;307
okt 06 2017;26;45;15;38;64;22;307
okt 07 2017;31;45;18;48;66;26;307
okt 08 2017;27;44;14;41;64;18;307
okt 09 2017;29;44;17;41;63;23;307
okt 10 2017;25;43;15;36;62;22;307
okt 11 2017;22;42;18;31;61;26;307
okt 12 2017;19;41;20;27;59;29;307
okt 13 2017;16;40;22;23;58;32;307
okt 14 2017;28;42;24;45;61;34;307
okt 15 2017;25;41;13;39;59;16;307
okt 16 2017;26;41;16;42;59;20;307
okt 17 2017;23;40;14;36;58;17;307
okt 18 2017;30;41;17;48;60;22;307
okt 19 2017;26;40;10;42;58;11;307
okt 20 2017;33;41;13;48;59;16;307
okt 21 2017;29;40;7;42;58;10;307
okt 22 2017;31;40;11;44;58;16;307
okt 23 2017;40;41;8;50;58;13;307
okt 24 2017;34;40;1;44;57;8;307
okt 25 2017;40;41;6;49;58;13;307
okt 26 2017;34;40;1;42;56;9;307
okt 27 2017;34;40;6;43;56;14;307
okt 28 2017;30;39;5;37;55;13;307
okt 29 2017;41;41;9;56;58;17;307
okt 30 2017;35;40;0;48;56;2;307
okt 31 2017;41;41;4;54;57;8;307
nov 01 2017;45;41;-1;57;57;3;314
nov 02 2017;39;40;-3;49;56;1;314
nov 03 2017;33;39;2;43;55;7;314
nov 04 2017;38;40;6;52;56;12;314
nov 05 2017;33;39;2;45;55;4;314
nov 06 2017;38;40;6;50;55;9;314
nov 07 2017;33;39;2;43;54;5;314
nov 08 2017;40;40;6;51;55;11;316
nov 09 2017;35;39;0;45;54;4;316
nov 10 2017;39;40;4;39;53;9;316
nov 11 2017;60;43;1;67;57;14;316
nov 12 2017;52;42;-17;58;56;-9;316
nov 13 2017;57;43;-10;64;57;-2;316
nov 14 2017;49;42;-13;55;56;-7;316
nov 15 2017;52;43;-7;60;57;1;318
nov 16 2017;45;42;-9;52;55;-3;318
nov 17 2017;49;43;-3;57;56;3;318
nov 18 2017;43;42;-6;49;55;-1;318
nov 19 2017;48;43;-1;56;56;6;318
nov 20 2017;41;42;-5;49;54;0;318
nov 21 2017;48;43;0;59;56;6;318
nov 22 2017;42;42;-5;51;55;-3;318
nov 23 2017;36;41;0;44;54;4;318
nov 24 2017;41;42;5;51;55;9;318
nov 25 2017;36;41;0;44;53;4;318
nov 26 2017;31;40;5;38;52;9;318
nov 27 2017;38;41;9;46;53;14;318
nov 28 2017;33;40;2;40;52;7;318
nov 29 2017;43;42;7;52;54;12;318
nov 30 2017;38;41;-2;45;52;2;318
dec 01 2017;33;40;3;39;51;8;318
dec 02 2017;28;39;7;34;50;12;318
dec 03 2017;44;41;10;56;53;16;318
dec 04 2017;49;42;-3;61;54;-3;318
dec 05 2017;43;41;-7;53;53;-7;318
dec 06 2017;60;44;-1;81;58;0;318
dec 07 2017;52;43;-16;70;57;-23;318
dec 08 2017;45;42;-9;61;55;-13;318
dec 09 2017;49;43;-3;63;56;-5;318
dec 10 2017;53;44;-6;67;57;-7;318
dec 11 2017;46;43;-9;58;55;-10;318
dec 12 2017;40;42;-3;50;54;-3;318
dec 13 2017;43;42;2;56;55;4;291
dec 14 2017;37;41;0;48;54;-1;291
dec 15 2017;32;40;4;42;52;5;291
dec 16 2017;28;39;8;36;51;11;291
dec 17 2017;36;41;12;48;53;15;291
dec 18 2017;31;40;5;42;52;4;291
dec 19 2017;38;41;8;50;53;10;291
dec 20 2017;33;40;3;44;52;3;291
dec 21 2017;39;41;7;52;53;8;291
dec 22 2017;34;40;1;45;52;1;291
dec 23 2017;37;40;6;49;52;7;291
dec 24 2017;58;44;3;79;57;4;291
dec 25 2017;50;43;-14;68;56;-21;291
dec 26 2017;53;43;-7;70;57;-12;291
dec 27 2017;46;42;-10;60;55;-13;291
dec 28 2017;40;41;-4;52;54;-5;291
dec 29 2017;49;43;2;68;57;2;291
dec 30 2017;51;43;-6;70;57;-11;291
dec 31 2017;44;42;-7;61;56;-13;291
jan 01 2018;38;41;-2;53;55;-5;291
jan 02 2018;42;42;3;55;55;2;291
jan 03 2018;45;42;0;59;56;0;291
jan 04 2018;39;41;-3;51;54;-3;291
jan 05 2018;41;42;2;52;54;3;291
jan 06 2018;36;41;1;45;53;3;291
jan 07 2018;52;44;5;71;58;8;291
jan 08 2018;45;43;-9;62;56;-13;291
jan 09 2018;39;42;-3;53;55;-5;291
jan 10 2018;42;42;2;58;56;2;306
jan 11 2018;37;41;0;50;54;-2;306
jan 12 2018;52;44;4;77;59;4;306
jan 13 2018;45;43;-8;66;58;-18;306
jan 14 2018;65;46;-2;92;62;-9;306
jan 15 2018;56;45;-19;80;61;-30;306
jan 16 2018;59;46;-11;80;61;-19;306
jan 17 2018;51;45;-13;69;60;-18;305
jan 18 2018;44;44;-6;60;58;-9;305
jan 19 2018;50;45;-1;69;60;-1;305
jan 20 2018;43;44;-5;60;59;-9;305
jan 21 2018;55;46;1;77;62;-1;305
jan 22 2018;48;45;-9;67;60;-15;305
jan 23 2018;41;44;-3;58;59;-7;305
jan 24 2018;46;44;2;68;61;1;303
jan 25 2018;51;45;-1;79;63;-7;303
jan 26 2018;55;46;-5;88;65;-16;303
jan 27 2018;48;45;-9;76;63;-23;303
jan 28 2018;67;49;-3;112;70;-13;303
jan 29 2018;58;47;-19;97;68;-42;303
jan 30 2018;51;46;-11;84;67;-29;303
jan 31 2018;44;45;-4;73;65;-18;303
feb 01 2018;55;47;1;84;67;-8;303
feb 02 2018;57;48;-8;73;66;-17;303
feb 03 2018;49;47;-9;63;64;-7;303
feb 04 2018;43;46;-3;55;63;1;303
feb 05 2018;44;46;3;58;63;8;303
feb 06 2018;48;46;2;67;64;5;303
feb 07 2018;42;45;-2;59;63;-3;303
feb 08 2018;47;46;3;64;64;4;303
feb 09 2018;47;46;-1;63;64;0;303
feb 10 2018;41;45;-1;54;62;1;303
feb 11 2018;61;49;4;87;68;8;303
feb 12 2018;53;47;-13;75;66;-19;303
feb 13 2018;58;48;-6;78;67;-9;303
feb 14 2018;50;47;-10;68;65;-11;302
feb 15 2018;49;47;-3;66;65;-2;302
feb 16 2018;57;49;-2;79;67;-1;302
feb 17 2018;71;51;-8;107;72;-12;302
feb 18 2018;61;50;-19;92;71;-34;302
feb 19 2018;53;49;-11;80;69;-22;302
feb 20 2018;56;49;-4;80;69;-11;302
feb 21 2018;48;48;-7;70;68;-11;302
feb 22 2018;49;48;0;70;68;-2;302
feb 23 2018;42;47;-1;61;66;-2;302
feb 24 2018;52;49;5;76;69;5;302
feb 25 2018;59;50;-3;87;71;-7;302
feb 26 2018;51;49;-9;75;69;-16;302
feb 27 2018;44;48;-2;65;68;-6;302
feb 28 2018;49;49;4;72;69;2;302
mrt 01 2018;43;47;-1;63;67;-4;302
mrt 02 2018;37;46;5;54;66;4;302
mrt 03 2018;32;45;9;47;64;11;302
mrt 04 2018;34;45;13;41;63;17;302
mrt 05 2018;39;46;11;48;63;22;302
mrt 06 2018;42;46;7;53;64;16;302
mrt 07 2018;43;46;4;56;64;11;310
mrt 08 2018;37;45;3;49;63;8;310
mrt 09 2018;38;45;8;49;62;14;310
mrt 10 2018;33;44;7;43;61;13;310
mrt 11 2018;52;47;11;70;65;18;310
mrt 12 2018;45;46;-5;61;64;-5;310
mrt 13 2018;54;48;1;76;66;3;310
mrt 14 2018;60;49;-6;87;69;-10;310
mrt 15 2018;52;48;-11;76;67;-19;310
mrt 16 2018;45;47;-4;66;65;-9;310
mrt 17 2018;50;47;2;57;64;0;310
mrt 18 2018;56;49;-3;64;65;7;310
mrt 19 2018;49;47;-8;56;64;1;310
mrt 20 2018;51;48;-1;58;64;8;310
mrt 21 2018;44;47;-3;50;62;6;310
mrt 22 2018;38;46;2;44;61;12;310
mrt 23 2018;43;46;7;47;61;17;310
mrt 24 2018;68;51;3;78;66;14;310
mrt 25 2018;59;49;-17;68;65;-12;310
mrt 26 2018;66;51;-10;75;66;-3;310
mrt 27 2018;68;52;-15;78;67;-9;310
mrt 28 2018;59;50;-16;68;65;-11;310
mrt 29 2018;65;52;-8;76;67;-2;310
mrt 30 2018;60;51;-14;71;66;-10;310
mrt 31 2018;52;50;-9;62;65;-5;310
apr 01 2018;69;53;-2;87;69;3;310
apr 02 2018;60;52;-16;75;67;-18;310
apr 03 2018;66;53;-8;81;68;-8;310
apr 04 2018;76;55;-13;99;72;-13;310
apr 05 2018;66;54;-21;86;70;-27;310
apr 06 2018;70;55;-12;86;71;-16;310
apr 07 2018;61;54;-15;75;69;-16;310
apr 08 2018;88;58;-7;127;78;-6;310
apr 09 2018;76;57;-29;110;77;-49;310
apr 10 2018;66;56;-19;96;75;-34;310
apr 11 2018;81;59;-10;120;80;-21;310
apr 12 2018;70;57;-22;104;78;-40;310
apr 13 2018;68;57;-13;98;77;-26;310
apr 14 2018;78;59;-11;115;81;-20;310
apr 15 2018;86;61;-19;130;84;-34;310
apr 16 2018;75;60;-25;112;82;-46;310
apr 17 2018;82;61;-15;120;84;-30;310
apr 18 2018;71;60;-20;104;82;-36;311
apr 19 2018;75;61;-11;108;83;-22;311
apr 20 2018;65;59;-15;93;81;-24;311
apr 21 2018;120;69;-6;164;94;-12;311
apr 22 2018;104;68;-50;142;92;-70;311
apr 23 2018;90;66;-36;123;90;-50;311
apr 24 2018;87;66;-24;116;89;-33;311
apr 25 2018;84;66;-21;107;88;-27;311
apr 26 2018;73;64;-18;92;86;-18;311
apr 27 2018;69;64;-9;80;84;-6;311
apr 28 2018;60;62;-5;69;82;4;311
apr 29 2018;67;64;3;80;84;13;311
apr 30 2018;67;64;-3;79;84;4;311
mei 01 2018;66;64;-3;78;83;4;311
mei 02 2018;57;62;-2;68;81;5;315
mei 03 2018;66;64;5;87;84;13;315
mei 04 2018;57;62;-2;76;82;-3;315
mei 05 2018;68;64;5;96;86;7;315
mei 06 2018;78;66;-4;119;90;-10;315
mei 07 2018;68;64;-12;103;88;-29;315
mei 08 2018;59;63;-3;90;86;-15;315
mei 09 2018;60;63;4;88;86;-4;315
mei 10 2018;96;69;3;143;96;-2;315
mei 11 2018;83;68;-27;124;93;-48;315
mei 12 2018;100;71;-16;158;100;-31;315
mei 13 2018;87;69;-29;137;98;-58;315
mei 14 2018;85;69;-18;129;97;-39;315
mei 15 2018;88;70;-16;131;98;-31;315
mei 16 2018;77;69;-18;113;96;-32;315
mei 17 2018;66;67;-8;98;94;-17;315
mei 18 2018;69;67;0;100;94;-5;315
mei 19 2018;77;69;-2;109;96;-5;315
mei 20 2018;66;67;-8;95;94;-13;315
mei 21 2018;77;69;1;116;97;-1;315
mei 22 2018;66;67;-8;100;95;-18;315
mei 23 2018;75;69;1;109;97;-5;315
mei 24 2018;65;67;-6;95;95;-13;315
mei 25 2018;67;67;2;95;95;0;315
mei 26 2018;80;70;1;119;99;-1;315
mei 27 2018;69;68;-10;104;97;-21;315
mei 28 2018;60;67;-1;90;94;-7;315
mei 29 2018;52;65;6;78;92;5;315
mei 30 2018;54;65;13;77;92;14;315
mei 31 2018;62;66;11;86;93;15;315
jun 01 2018;54;65;4;75;91;7;315
jun 02 2018;63;66;11;91;93;16;315
jun 03 2018;71;67;3;101;95;3;315
jun 04 2018;73;68;-4;99;95;-6;315
jun 05 2018;63;66;-5;86;93;-5;315
jun 06 2018;75;68;3;106;96;6;315
jun 07 2018;65;67;-7;91;94;-10;315
jun 08 2018;71;68;1;96;94;2;315
jun 09 2018;61;66;-3;83;92;-1;315
jun 10 2018;67;67;5;96;94;9;315
jun 11 2018;58;65;0;83;92;-2;315
jun 12 2018;50;64;7;72;90;9;315
jun 13 2018;56;64;14;75;90;18;315
jun 14 2018;66;66;9;92;92;15;315
jun 15 2018;57;65;0;80;90;0;315
jun 16 2018;81;68;7;104;94;11;315
jun 17 2018;98;72;-12;120;97;-10;315
jun 18 2018;85;70;-27;104;95;-22;315
jun 19 2018;93;72;-15;109;96;-9;315
jun 20 2018;96;73;-21;112;97;-13;315
jun 21 2018;84;71;-23;97;95;-15;315
jun 22 2018;72;70;-12;84;93;-3;315
jun 23 2018;73;70;-3;81;92;8;315
jun 24 2018;87;72;-3;103;95;10;315
jun 25 2018;87;73;-14;104;96;-7;315
jun 26 2018;94;74;-14;112;97;-8;315
jun 27 2018;92;74;-20;111;98;-15;315
jun 28 2018;80;73;-18;97;95;-14;315
jun 29 2018;69;71;-7;84;93;-1;315
jun 30 2018;80;73;2;108;97;9;315
jul 01 2018;69;71;-7;93;95;-11;315
jul 02 2018;74;72;2;101;96;1;315
jul 03 2018;76;72;-2;101;96;-5;315
jul 04 2018;66;71;-4;87;94;-4;315
jul 05 2018;65;70;4;85;93;7;315
jul 06 2018;72;71;6;100;96;8;315
jul 07 2018;63;70;-1;87;94;-4;315
jul 08 2018;103;77;7;178;110;7;315
jul 09 2018;89;75;-26;154;107;-68;315
jul 10 2018;77;73;-14;134;104;-47;315
jul 11 2018;67;71;-4;116;102;-29;315
jul 12 2018;58;70;4;101;100;-14;315
jul 13 2018;50;68;12;87;97;-1;315
jul 14 2018;44;67;18;76;95;10;315
jul 15 2018;56;68;23;89;97;19;315
jul 16 2018;49;67;12;77;95;8;315
jul 17 2018;60;68;18;90;96;17;315
jul 18 2018;52;67;8;78;94;6;315
jul 19 2018;71;70;15;110;99;16;315
jul 20 2018;62;68;-2;95;97;-10;315
jul 21 2018;54;66;6;82;95;2;315
jul 22 2018;68;69;13;95;97;12;315
jul 23 2018;80;71;1;106;99;1;315
jul 24 2018;69;69;-9;92;96;-7;315
jul 25 2018;73;70;0;96;97;5;318
jul 26 2018;64;68;-4;83;95;1;318
jul 27 2018;84;72;4;72;92;11;318
jul 28 2018;73;70;-13;63;90;20;318
jul 29 2018;88;73;-3;78;92;28;318
jul 30 2018;76;71;-15;68;90;14;318
jul 31 2018;82;72;-5;77;91;22;318
aug 01 2018;71;70;-10;67;89;14;317
aug 02 2018;77;71;-1;79;91;22;317
aug 03 2018;66;70;-5;68;89;12;317
aug 04 2018;75;71;3;84;91;20;317
aug 05 2018;65;70;-4;73;89;7;317
aug 06 2018;74;71;4;95;92;16;317
aug 07 2018;64;69;-3;82;90;-2;317
aug 08 2018;69;70;5;87;91;8;317
aug 09 2018;60;68;1;75;89;4;317
aug 10 2018;52;67;9;65;86;14;317
aug 11 2018;58;68;15;72;87;21;317
aug 12 2018;71;70;10;96;91;15;317
aug 13 2018;61;68;-1;83;89;-5;317
aug 14 2018;53;66;7;72;87;6;317
aug 15 2018;59;67;13;78;88;15;314
aug 16 2018;61;67;8;81;88;9;314
aug 17 2018;53;66;6;70;86;7;314
aug 18 2018;53;65;13;70;85;15;314
aug 19 2018;65;67;12;92;89;16;314
aug 20 2018;56;66;2;80;87;-3;314
aug 21 2018;59;66;9;82;87;7;314
aug 22 2018;51;64;7;71;85;5;310
aug 23 2018;53;64;13;71;85;14;310
aug 24 2018;53;64;12;75;85;14;310
aug 25 2018;46;63;11;65;83;10;310
aug 26 2018;40;61;17;56;81;18;310
aug 27 2018;35;60;21;49;79;25;310
aug 28 2018;30;58;25;42;77;31;310
aug 29 2018;40;59;28;53;78;35;310
aug 30 2018;34;58;20;46;77;25;310
aug 31 2018;40;58;24;51;77;30;310
sep 01 2018;45;59;18;57;77;26;310
sep 02 2018;65;62;14;91;83;20;310
sep 03 2018;57;61;-3;79;81;-8;310
sep 04 2018;59;61;4;81;81;2;310
sep 05 2018;61;61;2;83;81;0;309
sep 06 2018;53;60;0;72;80;-2;309
sep 07 2018;51;59;7;67;78;8;309
sep 08 2018;72;63;9;99;84;11;309
sep 09 2018;62;61;-9;86;82;-15;309
sep 10 2018;65;62;-1;88;82;-4;309
sep 11 2018;63;62;-3;85;82;-6;309
sep 12 2018;55;60;-1;74;80;-3;317
sep 13 2018;47;59;6;64;78;6;317
sep 14 2018;55;60;11;77;80;14;317
sep 15 2018;48;58;4;67;78;3;317
sep 16 2018;64;61;10;92;83;11;317
sep 17 2018;56;60;-3;80;81;-10;317
sep 18 2018;48;58;4;69;79;1;317
sep 19 2018;42;57;10;60;77;9;317
sep 20 2018;44;57;15;64;77;17;317
sep 21 2018;51;58;13;70;78;13;317
sep 22 2018;44;56;7;60;76;8;317
sep 23 2018;38;55;12;52;74;16;317
sep 24 2018;33;54;17;45;72;22;317
sep 25 2018;29;53;21;39;71;27;317
sep 26 2018;25;51;24;34;69;31;317
sep 27 2018;34;52;26;49;71;35;317
sep 28 2018;39;53;18;48;70;22;317
sep 29 2018;34;51;14;41;68;23;317
sep 30 2018;43;53;18;55;70;27;317
okt 01 2018;37;51;10;48;69;15;317
okt 02 2018;43;52;14;57;70;21;317
okt 03 2018;37;51;9;50;68;12;317
okt 04 2018;45;52;14;53;68;18;317
okt 05 2018;48;52;7;57;69;15;317
okt 06 2018;57;54;4;71;71;12;317
okt 07 2018;50;53;-3;61;69;0;317
okt 08 2018;43;51;3;53;68;8;317
okt 09 2018;37;50;8;46;66;14;317
okt 10 2018;40;50;13;40;64;20;317
okt 11 2018;42;50;10;35;63;24;317
okt 12 2018;42;50;9;39;63;28;317
okt 13 2018;36;49;8;34;62;24;317
okt 14 2018;51;51;13;55;65;28;317
okt 15 2018;44;50;0;48;63;9;317
okt 16 2018;47;50;6;53;64;15;317
okt 17 2018;40;49;4;46;62;11;317
okt 18 2018;35;48;9;40;61;16;317
okt 19 2018;30;47;13;34;59;21;317
okt 20 2018;41;48;17;52;62;25;317
okt 21 2018;36;47;7;45;60;10;317
okt 22 2018;31;46;11;39;59;15;317
okt 23 2018;27;45;15;34;57;20;317
okt 24 2018;33;46;18;42;58;24;317
okt 25 2018;28;45;13;37;57;16;317
okt 26 2018;35;45;16;47;58;20;317
okt 27 2018;30;44;10;41;57;11;317
okt 28 2018;49;47;14;71;62;16;317
okt 29 2018;43;46;-2;62;61;-9;317
okt 30 2018;37;45;3;53;59;-1;317
okt 31 2018;40;46;8;52;59;6;315
nov 01 2018;47;47;6;57;59;7;315
nov 02 2018;48;47;0;58;60;3;315
nov 03 2018;42;46;-1;51;58;1;315
nov 04 2018;36;45;4;44;57;8;315
nov 05 2018;31;44;8;38;56;13;315
nov 06 2018;34;44;12;40;56;18;315
nov 07 2018;30;43;10;35;54;15;315
nov 08 2018;34;43;13;40;55;19;315
nov 09 2018;36;43;9;43;55;15;315
nov 10 2018;32;42;7;37;54;12;315
nov 11 2018;37;43;11;45;55;16;315
nov 12 2018;41;44;6;49;55;9;315
nov 13 2018;35;43;3;42;54;6;315
nov 14 2018;41;43;7;50;55;11;315
nov 15 2018;36;42;2;44;54;4;315
nov 16 2018;38;43;7;47;54;10;315
nov 17 2018;33;42;5;41;53;7;315
nov 18 2018;41;43;9;50;54;12;315
nov 19 2018;36;42;2;44;53;4;315
nov 20 2018;40;43;6;48;53;9;315
nov 21 2018;34;42;3;42;52;5;315
nov 22 2018;36;42;7;49;53;10;315
nov 23 2018;40;42;5;54;54;4;315
nov 24 2018;35;41;2;47;53;0;315
nov 25 2018;51;44;6;77;58;6;315
nov 26 2018;44;43;-7;67;57;-19;315
nov 27 2018;38;42;-1;58;55;-10;315
nov 28 2018;33;41;4;50;54;-3;315
nov 29 2018;29;40;8;44;53;4;315
nov 30 2018;25;39;11;38;51;9;315
dec 01 2018;22;38;14;33;50;14;315
dec 02 2018;30;39;17;42;51;17;315
dec 03 2018;26;38;9;36;50;9;315
dec 04 2018;23;37;12;32;49;14;315
dec 05 2018;33;39;15;44;51;17;297
dec 06 2018;28;38;6;39;50;6;297
dec 07 2018;36;39;10;48;51;11;297
dec 08 2018;31;38;3;42;50;3;297
dec 09 2018;51;42;7;82;57;8;297
dec 10 2018;45;41;-10;71;56;-25;297
dec 11 2018;47;41;-4;73;56;-15;297
dec 12 2018;41;40;-6;63;55;-17;313
dec 13 2018;47;41;-1;70;56;-8;313
dec 14 2018;52;42;-6;72;57;-14;313
dec 15 2018;45;41;-10;62;56;-15;313
dec 16 2018;39;40;-4;54;54;-7;313
dec 17 2018;34;39;1;47;53;0;313
dec 18 2018;30;38;5;41;52;6;313
dec 19 2018;40;40;9;57;54;11;313
dec 20 2018;35;39;0;50;53;-3;313
dec 21 2018;30;38;4;43;52;4;313
dec 22 2018;26;37;8;37;51;9;313
dec 23 2018;33;38;11;57;54;13;313
dec 24 2018;29;37;5;49;53;-3;313
dec 25 2018;37;39;9;57;54;4;313
dec 26 2018;32;38;2;49;53;-3;313
dec 27 2018;41;39;6;59;54;3;313
dec 28 2018;35;38;-2;51;53;-4;313
dec 29 2018;38;39;3;55;54;2;313
dec 30 2018;54;41;0;75;57;-2;313
dec 31 2018;47;40;-12;65;56;-18;313
jan 01 2019;51;41;-6;67;56;-9;313
jan 02 2019;61;43;-9;78;59;-11;313
jan 03 2019;53;42;-18;68;57;-20;313
jan 04 2019;52;42;-10;67;57;-11;313
jan 05 2019;54;43;-9;82;60;-9;313
jan 06 2019;47;42;-11;71;59;-22;313
jan 07 2019;48;42;-5;70;59;-12;313
jan 08 2019;42;41;-6;61;57;-11;313
jan 09 2019;46;42;0;65;58;-3;313
jan 10 2019;47;42;-4;70;59;-7;313
jan 11 2019;47;43;-4;72;60;-11;313
jan 12 2019;49;43;-5;81;62;-12;313
jan 13 2019;42;42;-6;70;60;-19;313
jan 14 2019;45;42;0;70;61;-10;313
jan 15 2019;50;43;-3;71;61;-9;313
jan 16 2019;43;42;-6;62;60;-10;314
jan 17 2019;37;41;-1;54;58;-2;314
jan 18 2019;44;42;4;61;59;5;314
jan 19 2019;38;41;-2;53;58;-2;314
jan 20 2019;48;43;3;65;60;5;314
jan 21 2019;41;42;-5;56;59;-5;314
jan 22 2019;43;42;1;57;59;2;314
jan 23 2019;46;43;-1;61;59;2;318
jan 24 2019;40;42;-4;53;58;-1;318
jan 25 2019;42;42;2;53;58;5;318
jan 26 2019;45;43;0;68;60;5;318
jan 27 2019;39;42;-2;59;59;-8;318
jan 28 2019;34;41;3;51;58;0;318
jan 29 2019;29;40;7;45;56;6;318
jan 30 2019;25;39;10;39;55;12;317
jan 31 2019;22;38;13;33;54;16;317
feb 01 2019;30;39;16;41;55;20;317
feb 02 2019;26;38;9;35;53;14;317
feb 03 2019;36;39;12;58;57;18;317
feb 04 2019;31;39;3;50;55;-1;317
feb 05 2019;35;39;7;54;56;5;317
feb 06 2019;30;38;4;47;55;2;317
feb 07 2019;43;40;8;62;57;8;317
feb 08 2019;38;39;-3;53;56;-4;317
feb 09 2019;33;38;2;46;54;2;317
feb 10 2019;43;40;6;61;57;8;317
feb 11 2019;37;39;-3;53;55;-4;317
feb 12 2019;41;40;2;55;56;3;317
feb 13 2019;52;42;-1;67;58;1;317
feb 14 2019;45;41;-10;58;57;-9;317
feb 15 2019;52;42;-4;69;59;-2;317
feb 16 2019;75;46;-10;115;67;-11;317
feb 17 2019;65;45;-29;100;65;-48;317
feb 18 2019;69;46;-20;103;67;-34;317
feb 19 2019;60;45;-23;89;65;-36;317
feb 20 2019;52;44;-15;77;64;-24;317
feb 21 2019;54;45;-8;77;64;-13;317
feb 22 2019;60;46;-10;80;65;-13;317
feb 23 2019;73;49;-14;97;68;-15;317
feb 24 2019;63;48;-24;84;66;-29;317
feb 25 2019;55;47;-16;73;65;-18;317
feb 26 2019;63;48;-9;76;66;-8;317
feb 27 2019;67;49;-15;81;67;-11;317
feb 28 2019;58;48;-18;70;65;-14;317
mrt 01 2019;69;50;-10;82;67;-5;317
mrt 02 2019;60;49;-19;71;66;-14;317
mrt 03 2019;60;49;-11;70;66;-5;317
mrt 04 2019;70;51;-11;79;67;-5;317
mrt 05 2019;60;50;-18;69;66;-12;317
mrt 06 2019;52;49;-10;60;64;-3;315
mrt 07 2019;58;50;-4;65;65;5;315
mrt 08 2019;65;51;-8;73;67;0;315
mrt 09 2019;56;50;-14;63;65;-6;315
mrt 10 2019;75;54;-6;90;70;2;315
mrt 11 2019;65;52;-22;78;68;-21;315
mrt 12 2019;56;51;-13;68;67;-10;315
mrt 13 2019;57;51;-5;68;67;-1;315
mrt 14 2019;57;52;-6;65;66;-1;315
mrt 15 2019;50;50;-6;57;65;1;315
mrt 16 2019;43;49;1;49;63;8;315
mrt 17 2019;66;53;6;84;69;14;315
mrt 18 2019;57;52;-13;73;67;-15;315
mrt 19 2019;63;53;-5;81;69;-6;315
mrt 20 2019;67;54;-10;86;70;-12;315
mrt 21 2019;58;53;-13;75;68;-16;315
mrt 22 2019;65;54;-5;84;70;-6;315
mrt 23 2019;57;53;-11;73;69;-14;315
mrt 24 2019;74;56;-4;92;72;-4;315
mrt 25 2019;64;55;-18;80;70;-20;315
mrt 26 2019;68;56;-10;82;71;-10;315
mrt 27 2019;87;59;-13;104;75;-11;323
mrt 28 2019;75;58;-28;90;73;-29;323
mrt 29 2019;65;56;-18;78;72;-17;323
mrt 30 2019;73;58;-9;92;74;-6;323
mrt 31 2019;64;57;-15;79;72;-18;323
apr 01 2019;71;58;-7;85;74;-7;323
apr 02 2019;68;58;-13;81;73;-11;323
apr 03 2019;77;60;-10;90;75;-8;327
apr 04 2019;67;58;-17;78;73;-15;327
apr 05 2019;58;57;-8;67;71;-5;327
apr 06 2019;66;58;-1;80;74;4;327
apr 07 2019;83;62;-7;69;72;-7;327
apr 08 2019;72;60;-21;60;70;2;327
apr 09 2019;74;61;-12;64;70;10;327
apr 10 2019;73;61;-13;64;70;7;327
apr 11 2019;63;60;-12;56;69;6;327
apr 12 2019;55;58;-4;48;67;13;327
apr 13 2019;48;57;3;42;66;19;327
apr 14 2019;66;60;9;70;70;24;327
apr 15 2019;57;58;-6;60;68;0;327
apr 16 2019;64;60;1;70;70;8;327
apr 17 2019;65;60;-5;72;70;0;327
apr 18 2019;56;58;-5;62;68;-2;327
apr 19 2019;49;57;2;54;67;6;327
apr 20 2019;54;58;8;63;68;13;327
apr 21 2019;47;56;4;55;67;5;327
apr 22 2019;67;60;9;93;73;12;327
apr 23 2019;58;58;-7;80;71;-20;327
apr 24 2019;66;60;0;87;73;-9;327
apr 25 2019;57;58;-6;76;71;-15;327
apr 26 2019;59;59;1;75;71;-5;327
apr 27 2019;51;57;0;65;69;-4;327
apr 28 2019;49;57;6;62;69;4;327
apr 29 2019;69;60;8;91;74;7;327
apr 30 2019;59;59;-9;79;72;-17;327
mei 01 2019;61;59;-1;78;72;-7;327
mei 02 2019;53;57;-2;67;70;-6;327
mei 03 2019;46;56;5;58;69;3;327
mei 04 2019;47;56;11;60;69;10;327
mei 05 2019;62;59;9;84;73;8;327
mei 06 2019;54;57;-4;73;71;-11;327
mei 07 2019;68;60;3;93;75;-2;327
mei 08 2019;59;58;-8;81;73;-19;327
mei 09 2019;62;59;-1;81;73;-8;327
mei 10 2019;61;59;-3;78;73;-8;327
mei 11 2019;53;57;-2;67;71;-5;327
mei 12 2019;64;59;4;81;73;4;327
mei 13 2019;56;58;-5;70;72;-8;327
mei 14 2019;62;59;2;78;73;1;327
mei 15 2019;72;61;-3;91;75;-5;327
mei 16 2019;63;59;-12;78;73;-15;327
mei 17 2019;62;59;-3;77;73;-5;327
mei 18 2019;54;58;-2;66;71;-3;327
mei 19 2019;58;59;4;72;72;5;327
mei 20 2019;50;57;1;62;71;1;327
mei 21 2019;44;56;7;54;69;8;327
mei 22 2019;50;57;12;63;70;15;327
mei 23 2019;43;55;7;54;68;8;327
mei 24 2019;37;54;12;47;67;14;327
mei 25 2019;45;55;17;55;68;20;327
mei 26 2019;69;59;10;91;74;13;327
mei 27 2019;60;58;-10;78;72;-17;327
mei 28 2019;64;58;-2;80;73;-6;327
mei 29 2019;72;60;-5;85;74;-8;327
mei 30 2019;62;58;-12;74;72;-12;327
mei 31 2019;88;63;-4;113;79;-2;327
jun 01 2019;76;62;-25;99;77;-34;327
jun 02 2019;81;63;-15;86;75;-22;327
jun 03 2019;71;61;-19;74;74;-11;327
jun 04 2019;61;60;-9;65;72;-1;327
jun 05 2019;65;61;-1;74;73;7;327
jun 06 2019;65;61;-5;72;73;-1;327
jun 07 2019;57;59;-5;63;71;1;327
jun 08 2019;57;59;3;64;71;9;327
jun 09 2019;72;62;2;90;76;7;327
jun 10 2019;62;60;-10;78;74;-14;327
jun 11 2019;66;61;-2;83;75;-4;327
jun 12 2019;64;61;-5;80;75;-8;327
jun 13 2019;55;59;-3;69;73;-5;327
jun 14 2019;65;61;4;83;75;4;327
jun 15 2019;56;60;-4;72;73;-8;327
jun 16 2019;63;61;3;77;74;1;327
jun 17 2019;54;59;-2;67;73;-3;327
jun 18 2019;56;59;5;69;73;6;327
jun 19 2019;48;58;4;60;71;4;327
jun 20 2019;58;60;10;75;73;11;327
jun 21 2019;51;58;1;65;72;-1;327
jun 22 2019;44;57;7;56;70;7;327
jun 23 2019;53;58;13;76;73;14;327
jun 24 2019;46;57;5;66;71;-3;327
jun 25 2019;56;58;11;82;74;6;327
jun 26 2019;48;57;2;71;73;-8;320
jun 27 2019;52;57;8;74;73;1;320
jun 28 2019;59;58;5;88;76;-1;320
jun 29 2019;51;57;-1;77;74;-13;320
jun 30 2019;61;59;6;88;76;-3;320
jul 01 2019;53;57;-3;77;74;-13;320
jul 02 2019;46;56;4;66;72;-3;320
jul 03 2019;52;57;10;72;73;6;320
jul 04 2019;45;55;5;63;72;1;320
jul 05 2019;48;56;10;65;72;9;320
jul 06 2019;46;55;8;59;71;7;320
jul 07 2019;56;57;9;79;74;11;320
jul 08 2019;49;55;0;69;72;-5;320
jul 09 2019;64;58;7;86;75;3;320
jul 10 2019;55;57;-6;75;73;-11;320
jul 11 2019;73;60;1;102;78;-1;320
jul 12 2019;63;58;-13;88;76;-23;320
jul 13 2019;55;57;-5;76;74;-12;320
jul 14 2019;76;61;2;101;79;-2;320
jul 15 2019;66;59;-16;88;77;-22;320
jul 16 2019;72;60;-7;89;77;-11;320
jul 17 2019;90;64;-11;109;81;-11;317
jul 18 2019;78;62;-26;95;79;-28;317
jul 19 2019;68;61;-16;82;78;-15;317
jul 20 2019;99;67;-7;122;85;-4;317
jul 21 2019;107;69;-33;130;87;-37;317
jul 22 2019;93;67;-38;113;85;-43;317
jul 23 2019;81;66;-26;98;83;-28;317
jul 24 2019;70;64;-15;85;81;-15;317
jul 25 2019;73;65;-6;92;83;-4;317
jul 26 2019;64;63;-8;80;81;-10;317
jul 27 2019;67;64;0;70;79;0;317
jul 28 2019;66;64;-3;69;78;9;317
jul 29 2019;57;62;-2;64;77;9;317
jul 30 2019;50;61;5;56;75;13;317
jul 31 2019;62;63;11;73;78;20;317
aug 01 2019;54;61;1;63;76;5;317
aug 02 2019;69;64;7;92;81;13;317
aug 03 2019;60;62;-5;80;79;-11;317
aug 04 2019;74;65;2;100;83;0;317
aug 05 2019;64;63;-9;98;83;-17;317
aug 06 2019;55;62;-1;85;81;-15;317
aug 07 2019;48;60;6;74;79;-4;317
aug 08 2019;52;61;12;77;79;5;317
aug 09 2019;45;59;8;86;81;3;317
aug 10 2019;39;58;14;74;79;-5;317
aug 11 2019;53;60;19;96;83;5;317
aug 12 2019;46;58;7;83;81;-14;317
aug 13 2019;54;60;13;90;82;-3;317
aug 14 2019;47;58;5;78;80;-8;314
aug 15 2019;69;62;11;104;85;2;314
aug 16 2019;60;60;-7;92;83;-19;314
aug 17 2019;52;59;1;80;81;-9;314
aug 18 2019;45;58;7;69;79;1;314
aug 19 2019;58;60;13;88;82;10;314
aug 20 2019;50;58;1;76;80;-6;314
aug 21 2019;61;60;8;86;82;4;318
aug 22 2019;53;58;-1;75;80;-4;318
aug 23 2019;68;61;6;109;86;5;318
aug 24 2019;59;60;-7;95;84;-23;318
aug 25 2019;67;61;0;113;88;-11;318
aug 26 2019;58;60;-6;98;85;-26;318
aug 27 2019;60;60;1;91;84;-13;318
aug 28 2019;72;62;0;100;86;-6;318
aug 29 2019;62;61;-10;87;84;-14;318
aug 30 2019;61;60;-2;80;83;-3;318
aug 31 2019;69;62;-1;98;86;3;318
sep 01 2019;59;60;-7;85;84;-12;318
sep 02 2019;65;61;1;81;83;-1;318
sep 03 2019;56;60;-4;70;82;2;318
sep 04 2019;67;62;3;79;83;11;318
sep 05 2019;58;60;-5;68;81;4;318
sep 06 2019;50;59;2;59;79;13;318
sep 07 2019;43;57;9;51;77;20;318
sep 08 2019;38;56;14;44;75;26;318
sep 09 2019;33;55;18;39;73;31;318
sep 10 2019;39;55;22;50;75;35;318
sep 11 2019;34;54;16;43;73;25;315
sep 12 2019;33;53;20;39;71;30;315
sep 13 2019;38;54;20;52;73;32;315
sep 14 2019;33;52;16;45;71;21;315
sep 15 2019;43;54;19;62;74;26;315
sep 16 2019;38;53;11;54;72;11;315
sep 17 2019;37;52;15;52;71;18;315
sep 18 2019;32;51;16;45;70;19;315
sep 19 2019;27;50;19;39;68;24;315
sep 20 2019;32;50;22;44;68;29;315
sep 21 2019;28;49;18;38;66;24;315
sep 22 2019;38;50;21;53;68;28;315
sep 23 2019;33;49;12;46;67;16;315
sep 24 2019;41;50;16;43;66;21;315
sep 25 2019;36;49;9;37;64;23;315
sep 26 2019;31;48;13;32;63;27;315
sep 27 2019;42;49;17;42;64;31;315
sep 28 2019;36;48;7;37;62;21;315
sep 29 2019;40;48;12;52;64;26;315
sep 30 2019;35;47;9;45;63;12;315
okt 01 2019;30;46;13;41;62;18;315
okt 02 2019;26;45;16;35;60;21;315
okt 03 2019;32;46;19;42;61;25;315
okt 04 2019;28;45;14;37;59;18;315
okt 05 2019;31;45;17;51;61;23;315
okt 06 2019;27;44;14;44;60;10;315
okt 07 2019;33;44;17;52;61;16;315
okt 08 2019;29;43;11;45;60;9;315
okt 09 2019;32;44;14;47;60;14;332
okt 10 2019;34;44;11;47;59;12;332
okt 11 2019;30;43;10;41;58;12;332
okt 12 2019;34;43;13;58;61;17;332
okt 13 2019;29;42;9;50;59;2;332
okt 14 2019;41;44;13;61;61;9;332
okt 15 2019;36;43;3;53;59;-1;332
okt 16 2019;44;44;7;59;60;6;332
okt 17 2019;45;44;1;62;61;1;332
okt 18 2019;39;43;0;54;59;-1;332
okt 19 2019;38;43;5;50;59;6;332
okt 20 2019;33;42;5;43;57;9;332
okt 21 2019;29;41;9;38;56;14;332
okt 22 2019;40;43;12;54;58;18;332
okt 23 2019;45;44;3;63;60;4;333
okt 24 2019;39;43;-1;55;58;-3;333
okt 25 2019;34;42;4;47;57;4;333
okt 26 2019;40;42;8;52;58;10;333
okt 27 2019;42;43;3;66;60;5;333
okt 28 2019;37;42;0;58;59;-6;333
okt 29 2019;46;43;5;50;57;1;333
okt 30 2019;50;44;-2;43;56;7;333
okt 31 2019;43;43;-6;37;55;13;333
nov 01 2019;43;43;0;32;53;17;333
nov 02 2019;49;44;0;52;56;21;333
nov 03 2019;50;44;-5;49;56;5;333
nov 04 2019;54;45;-6;52;56;7;333
nov 05 2019;47;44;-9;45;55;4;333
nov 06 2019;57;46;-3;61;57;9;336
nov 07 2019;49;45;-11;53;56;-4;336
nov 08 2019;54;46;-4;60;57;3;336
nov 09 2019;47;45;-8;52;56;-3;336
nov 10 2019;41;44;-2;71;59;4;336
nov 11 2019;35;43;3;62;58;-12;336
nov 12 2019;41;44;7;64;58;-4;336
nov 13 2019;48;45;2;71;60;-6;337
nov 14 2019;41;44;-3;62;58;-12;337
nov 15 2019;49;45;2;70;60;-4;337
nov 16 2019;67;48;-4;87;63;-10;337
nov 17 2019;58;47;-19;76;62;-24;337
nov 18 2019;50;46;-11;66;60;-14;337
nov 19 2019;54;47;-4;69;61;-6;337
nov 20 2019;58;48;-7;72;62;-8;337
nov 21 2019;51;46;-11;63;60;-11;337
nov 22 2019;51;47;-4;64;61;-2;337
nov 23 2019;44;46;-5;56;59;-4;337
nov 24 2019;39;45;1;69;61;3;337
nov 25 2019;42;45;6;69;61;-8;337
nov 26 2019;37;44;3;59;60;-7;337
nov 27 2019;47;46;7;52;59;1;337
nov 28 2019;49;46;-1;55;59;7;337
nov 29 2019;48;46;-3;52;59;4;337
nov 30 2019;51;47;-2;63;60;6;337
dec 01 2019;53;47;-5;74;62;-3;337
dec 02 2019;46;46;-6;64;61;-12;337
dec 03 2019;40;45;0;56;59;-3;337
dec 04 2019;50;47;5;66;61;4;337
dec 05 2019;44;45;-4;57;60;-5;337
dec 06 2019;38;44;2;50;58;2;337
dec 07 2019;33;43;7;43;57;9;337
dec 08 2019;28;42;11;86;64;14;337
dec 09 2019;25;41;14;75;63;-22;337
dec 10 2019;33;42;17;78;64;-12;337
dec 11 2019;29;41;9;67;62;-14;337
dec 12 2019;39;43;13;74;63;-5;337
dec 13 2019;34;42;4;65;62;-11;337
dec 14 2019;30;41;8;56;60;-3;337
dec 15 2019;26;40;11;83;65;4;337
dec 16 2019;22;39;14;72;64;-18;337
dec 17 2019;19;38;17;62;62;-8;337
dec 18 2019;32;40;19;71;64;0;337
dec 19 2019;41;41;8;76;65;-7;337
dec 20 2019;43;42;1;73;64;-11;337
dec 21 2019;37;41;-1;64;63;-9;337
dec 22 2019;41;41;4;75;65;-1;337
dec 23 2019;36;40;0;65;63;-10;337
dec 24 2019;44;42;5;73;65;-2;337
dec 25 2019;38;41;-2;64;63;-8;337
dec 26 2019;50;43;2;74;65;0;337
dec 27 2019;52;43;-8;73;65;-9;337
dec 28 2019;54;44;-9;81;67;-7;337
dec 29 2019;55;44;-10;78;67;-14;337
dec 30 2019;48;43;-11;68;65;-12;337
dec 31 2019;41;42;-4;59;64;-3;337
jan 01 2020;58;45;1;79;67;5;337
jan 02 2020;63;46;-13;81;68;-12;337
jan 03 2020;55;45;-17;70;66;-13;337
jan 04 2020;55;45;-10;80;68;-4;337
jan 05 2020;55;46;-9;76;67;-12;337
jan 06 2020;56;46;-9;71;67;-8;337
jan 07 2020;49;45;-10;61;65;-4;337
jan 08 2020;53;46;-4;67;66;4;337
jan 09 2020;46;45;-7;58;65;-1;337
jan 10 2020;45;45;-1;60;65;6;337
jan 11 2020;53;46;0;81;68;5;337
jan 12 2020;46;45;-7;70;67;-13;337
jan 13 2020;40;44;-1;61;65;-4;337
jan 14 2020;34;43;4;53;64;4;337
jan 15 2020;41;44;9;60;65;11;337
jan 16 2020;36;43;3;52;63;5;337
jan 17 2020;31;42;7;45;62;11;337
jan 18 2020;27;41;11;39;60;17;337
jan 19 2020;23;40;14;34;59;21;337
jan 20 2020;20;39;17;29;57;25;337
jan 21 2020;17;38;19;25;56;28;337
jan 22 2020;15;37;21;22;55;31;337
jan 23 2020;13;36;22;19;53;33;337
jan 24 2020;11;35;23;17;52;34;337
jan 25 2020;10;35;24;14;51;36;337
jan 26 2020;9;34;25;12;50;37;337
jan 27 2020;7;33;25;11;49;37;337
jan 28 2020;12;33;26;15;49;38;337
jan 29 2020;26;35;21;30;50;33;337
jan 30 2020;22;34;10;26;49;20;337
jan 31 2020;19;33;12;23;48;23;337
feb 01 2020;40;37;14;52;53;25;337
feb 02 2020;35;36;-4;45;51;1;337
feb 03 2020;40;37;1;49;52;6;337
feb 04 2020;34;36;-3;42;51;3;337
feb 05 2020;48;38;2;61;54;8;337
feb 06 2020;42;38;-10;53;53;-8;337
feb 07 2020;51;39;-4;62;54;-1;337
feb 08 2020;44;38;-12;53;53;-7;337
feb 09 2020;46;39;-6;54;53;-1;337
feb 10 2020;50;40;-8;59;54;-1;337
feb 11 2020;44;39;-11;51;53;-5;337
feb 12 2020;53;41;-5;63;55;1;337
feb 13 2020;46;40;-12;54;53;-8;337
feb 14 2020;56;42;-6;65;55;-1;337
feb 15 2020;49;41;-15;56;54;-10;337
feb 16 2020;42;40;-8;49;53;-2;337
feb 17 2020;44;40;-3;49;53;4;337
feb 18 2020;51;41;-4;57;54;4;337
feb 19 2020;67;44;-10;82;58;-3;332
feb 20 2020;58;43;-23;71;57;-23;332
feb 21 2020;65;45;-15;74;58;-14;332
feb 22 2020;56;44;-20;64;57;-16;332
feb 23 2020;49;43;-12;56;55;-8;332
feb 24 2020;42;42;-6;48;54;-1;332
feb 25 2020;42;42;-1;47;54;6;332
feb 26 2020;47;43;0;55;55;6;332
feb 27 2020;41;42;-5;48;53;0;332
feb 28 2020;58;45;1;75;58;6;332
feb 29 2020;51;44;-14;65;57;-17;332
mrt 01 2020;72;48;-7;97;63;-8;332
mrt 02 2020;62;46;-24;84;61;-34;332
mrt 03 2020;65;47;-16;89;63;-23;332
mrt 04 2020;72;49;-18;101;65;-26;329
mrt 05 2020;63;48;-23;87;64;-36;329
mrt 06 2020;69;49;-15;90;65;-24;329
mrt 07 2020;60;48;-20;78;63;-25;329
mrt 08 2020;82;52;-12;109;69;-15;329
mrt 09 2020;71;51;-30;95;68;-40;329
mrt 10 2020;73;52;-20;95;68;-27;329
mrt 11 2020;75;53;-21;94;69;-27;326
mrt 12 2020;65;52;-22;81;67;-25;326
mrt 13 2020;56;50;-13;71;65;-14;326
mrt 14 2020;49;49;-6;61;64;-5;326
mrt 15 2020;80;55;0;108;72;3;326
mrt 16 2020;69;53;-25;93;70;-36;326
mrt 17 2020;75;55;-16;95;71;-23;326
mrt 18 2020;65;53;-20;83;70;-24;327
mrt 19 2020;63;53;-11;79;69;-13;327
mrt 20 2020;64;54;-10;80;70;-10;327
mrt 21 2020;55;52;-10;69;68;-10;327
mrt 22 2020;79;57;-3;105;74;-1;327
mrt 23 2020;68;55;-22;91;73;-30;327
mrt 24 2020;74;57;-13;97;74;-18;327
mrt 25 2020;64;55;-17;84;72;-23;327
mrt 26 2020;67;56;-9;86;73;-12;327
mrt 27 2020;89;60;-11;118;79;-13;327
mrt 28 2020;77;59;-29;103;77;-39;327
mrt 29 2020;83;60;-18;104;78;-25;327
mrt 30 2020;72;59;-23;90;76;-26;327
mrt 31 2020;62;57;-13;78;74;-14;327
apr 01 2020;54;56;-5;68;73;-4;327
apr 02 2020;64;58;2;78;74;5;327
apr 03 2020;56;56;-7;67;72;-3;327
apr 04 2020;48;55;1;58;71;5;327
apr 05 2020;75;60;7;109;79;13;327
apr 06 2020;71;59;-15;101;79;-29;327
apr 07 2020;62;58;-12;88;77;-22;327
apr 08 2020;67;59;-4;90;77;-11;327
apr 09 2020;69;60;-8;90;78;-12;327
apr 10 2020;60;58;-10;78;76;-12;327
apr 11 2020;93;64;-2;142;87;-2;327
apr 12 2020;81;63;-29;123;85;-55;327
apr 13 2020;82;63;-18;119;85;-38;327
apr 14 2020;80;63;-19;112;85;-34;327
apr 15 2020;70;62;-17;97;83;-27;327
apr 16 2020;76;63;-8;105;85;-14;327
apr 17 2020;66;62;-13;91;83;-20;327
apr 18 2020;57;60;-4;79;81;-8;327
apr 19 2020;85;65;3;126;89;2;327
apr 20 2020;73;64;-20;109;87;-37;327
apr 21 2020;64;62;-10;94;85;-22;327
apr 22 2020;72;64;-2;100;86;-9;327
apr 23 2020;71;64;-8;95;86;-14;327
apr 24 2020;61;62;-7;82;83;-9;327
apr 25 2020;105;70;1;158;97;1;327
apr 26 2020;91;68;-35;137;95;-61;327
apr 27 2020;79;67;-23;119;92;-42;327
apr 28 2020;80;67;-12;117;93;-26;327
apr 29 2020;80;67;-13;117;93;-25;327
apr 30 2020;70;66;-13;102;91;-24;327
mei 01 2020;60;64;-4;88;89;-10;327
mei 02 2020;52;63;4;76;87;1;327
mei 03 2020;77;67;10;124;95;11;327
mei 04 2020;66;65;-10;107;93;-29;327
mei 05 2020;76;67;-1;113;94;-15;327
mei 06 2020;76;67;-9;109;94;-19;327
mei 07 2020;66;65;-9;94;92;-15;327
mei 08 2020;76;67;0;108;94;-3;327
mei 09 2020;66;66;-9;117;96;-14;327
mei 10 2020;57;64;0;102;94;-21;327
mei 11 2020;49;63;7;88;92;-8;327
mei 12 2020;54;63;13;89;92;4;327
mei 13 2020;69;66;9;103;94;3;327
mei 14 2020;75;67;-3;109;95;-9;327
mei 15 2020;65;65;-9;95;93;-14;327
mei 16 2020;99;71;0;150;103;-2;327
mei 17 2020;86;70;-28;130;101;-47;327
mei 18 2020;84;70;-16;122;100;-30;327
mei 19 2020;87;70;-15;122;100;-22;327
mei 20 2020;75;69;-17;106;98;-22;327
mei 21 2020;65;67;-7;92;96;-8;327
mei 22 2020;57;66;2;79;93;4;327
mei 23 2020;86;71;9;124;101;14;327
mei 24 2020;75;69;-16;107;98;-23;327
mei 25 2020;74;69;-6;103;98;-9;327
mei 26 2020;75;69;-5;104;98;-5;327
mei 27 2020;86;71;-6;123;102;-5;327
mei 28 2020;75;70;-15;107;99;-21;327
mei 29 2020;65;68;-5;92;97;-7;327
mei 30 2020;56;66;3;108;100;5;327
mei 31 2020;49;65;10;93;97;-8;327
jun 01 2020;68;68;16;126;103;4;327
jun 02 2020;59;66;0;109;100;-23;327
jun 03 2020;72;68;7;122;103;-8;330
jun 04 2020;62;67;-3;105;100;-19;330
jun 05 2020;54;65;5;91;98;-5;330
jun 06 2020;47;64;11;113;102;7;330
jun 07 2020;41;62;17;98;99;-12;330
jun 08 2020;44;62;22;96;99;1;330
jun 09 2020;53;64;18;99;100;3;330
jun 10 2020;46;62;10;86;97;0;328
jun 11 2020;57;64;16;101;100;11;328
jun 12 2020;50;62;6;88;97;-2;328
jun 13 2020;61;64;13;103;100;10;328
jun 14 2020;53;62;3;89;97;-3;328
jun 15 2020;46;61;9;84;96;8;328
jun 16 2020;40;59;15;73;94;12;328
jun 17 2020;34;58;20;63;92;21;328
jun 18 2020;30;57;24;55;90;28;328
jun 19 2020;26;55;27;50;88;35;328
jun 20 2020;41;57;29;76;92;38;328
jun 21 2020;36;56;16;71;90;16;328
jun 22 2020;45;57;20;81;92;19;328
jun 23 2020;53;58;12;91;93;11;328
jun 24 2020;46;57;5;79;91;2;329
jun 25 2020;49;57;11;79;91;12;329
jun 26 2020;43;56;8;69;89;12;329
jun 27 2020;37;55;13;59;87;20;329
jun 28 2020;58;58;18;77;89;27;329
jun 29 2020;50;56;0;67;87;12;329
jun 30 2020;55;57;6;75;88;20;329
jul 01 2020;47;56;2;65;86;13;329
jul 02 2020;55;57;8;73;87;21;329
jul 03 2020;48;56;2;63;85;14;329
jul 04 2020;49;56;8;64;84;22;329
jul 05 2020;55;57;7;72;85;20;329
jul 06 2020;48;55;1;62;83;13;329
jul 07 2020;41;54;7;54;81;21;329
jul 08 2020;48;55;13;60;82;27;329
jul 09 2020;42;54;7;52;80;21;329
jul 10 2020;56;56;12;75;83;28;329
jul 11 2020;48;54;0;65;81;8;329
jul 12 2020;73;59;6;124;91;16;329
jul 13 2020;64;57;-15;108;89;-33;329
jul 14 2020;55;56;-6;93;87;-18;329
jul 15 2020;68;58;1;110;90;-6;329
jul 16 2020;61;57;-10;101;89;-20;329
jul 17 2020;72;59;-4;113;91;-12;329
jul 18 2020;62;58;-12;98;89;-21;329
jul 19 2020;66;59;-4;103;91;-8;329
jul 20 2020;59;57;-8;95;89;-13;329
jul 21 2020;71;60;-1;102;91;-5;329
jul 22 2020;61;58;-11;88;89;-11;330
jul 23 2020;75;61;-3;104;91;0;330
jul 24 2020;65;59;-14;90;89;-13;330
jul 25 2020;64;59;-6;87;89;-1;330
jul 26 2020;68;60;-5;91;89;1;330
jul 27 2020;72;61;-8;95;90;-2;330
jul 28 2020;82;63;-11;110;93;-5;330
jul 29 2020;71;62;-19;96;91;-17;319
jul 30 2020;62;60;-10;83;89;-5;319
jul 31 2020;54;59;-2;72;86;6;319
aug 01 2020;61;60;5;84;88;15;319
aug 02 2020;53;58;-1;72;86;5;319
aug 03 2020;46;57;6;63;84;14;319
aug 04 2020;58;59;11;78;86;21;319
aug 05 2020;52;58;1;70;85;8;319
aug 06 2020;54;58;6;73;85;15;319
aug 07 2020;58;59;4;84;86;12;319
aug 08 2020;50;57;1;73;84;3;319
aug 09 2020;69;61;7;105;90;12;319
aug 10 2020;60;59;-9;91;88;-15;319
aug 11 2020;67;60;-1;100;89;-3;319
aug 12 2020;58;59;-7;87;87;-11;314
aug 13 2020;60;59;1;89;88;0;314
aug 14 2020;52;58;-1;77;86;-1;314
aug 15 2020;80;63;6;125;94;9;314
aug 16 2020;72;62;-17;114;93;-31;314
aug 17 2020;66;61;-10;103;91;-21;314
aug 18 2020;76;63;-6;113;93;-12;314
aug 19 2020;66;61;-13;98;91;-20;314
aug 20 2020;66;61;-5;98;91;-7;314
aug 21 2020;57;60;-5;85;89;-7;314
aug 22 2020;64;61;3;93;90;4;314
aug 23 2020;56;60;-3;81;88;-3;314
aug 24 2020;63;61;4;89;90;8;314
aug 25 2020;55;59;-2;77;88;0;314
aug 26 2020;59;60;5;83;88;10;314
aug 27 2020;63;61;1;86;89;5;314
aug 28 2020;55;59;-2;74;87;3;314
aug 29 2020;47;58;5;64;85;12;314
aug 30 2020;51;58;11;70;85;20;314
aug 31 2020;55;59;7;72;85;15;314
sep 01 2020;66;61;4;88;88;13;314
sep 02 2020;57;59;-5;76;86;0;314
sep 03 2020;63;60;2;82;86;9;314
sep 04 2020;54;59;-2;71;84;4;314
sep 05 2020;47;57;5;62;82;13;314
sep 06 2020;61;60;10;85;86;21;314
sep 07 2020;52;58;-1;74;84;1;314
sep 08 2020;56;59;6;77;84;10;314
sep 09 2020;49;57;2;66;82;8;314
sep 10 2020;54;58;8;75;83;16;314
sep 11 2020;47;57;4;65;81;8;314
sep 12 2020;41;55;10;56;79;16;314
sep 13 2020;60;58;15;91;85;23;314
sep 14 2020;52;57;-2;79;83;-6;314
sep 15 2020;55;57;5;82;84;4;314
sep 16 2020;47;56;3;72;82;1;314
sep 17 2020;41;55;9;62;80;10;314
sep 18 2020;36;53;14;54;78;18;314
sep 19 2020;31;52;18;47;76;24;314
sep 20 2020;35;52;21;51;76;29;314
sep 21 2020;30;51;18;44;74;25;314
sep 22 2020;39;52;21;57;76;30;314
sep 23 2020;33;51;14;49;74;19;314
sep 24 2020;29;50;18;43;72;25;314
sep 25 2020;25;49;21;37;71;30;314
sep 26 2020;22;47;23;32;69;34;314
sep 27 2020;19;46;26;28;67;37;314
sep 28 2020;22;46;27;31;67;40;314
sep 29 2020;24;46;24;32;66;36;314
sep 30 2020;21;45;22;28;65;34;314
okt 01 2020;27;45;24;38;66;37;314
okt 02 2020;23;44;19;33;64;28;314
okt 03 2020;20;43;21;29;63;31;314
okt 04 2020;26;44;23;38;63;34;314
okt 05 2020;23;43;18;33;62;26;314
okt 06 2020;20;42;20;46;64;29;314
okt 07 2020;18;41;22;44;63;18;307
okt 08 2020;26;42;23;54;64;19;307
okt 09 2020;35;43;16;66;66;11;307
okt 10 2020;31;42;8;57;64;0;307
okt 11 2020;42;44;12;68;66;7;307
okt 12 2020;37;43;1;59;65;-2;307
okt 13 2020;44;44;6;67;66;6;307
okt 14 2020;60;47;0;85;69;-1;307
okt 15 2020;52;46;-13;73;67;-15;307
okt 16 2020;45;45;-6;64;66;-6;307
okt 17 2020;49;45;0;69;67;2;307
okt 18 2020;62;48;-4;84;69;-2;307
okt 19 2020;54;47;-14;73;68;-14;307
okt 20 2020;57;47;-7;77;69;-5;307
okt 21 2020;62;49;-9;94;72;-8;308
okt 22 2020;54;47;-14;81;70;-22;308
okt 23 2020;47;46;-7;70;68;-11;308
okt 24 2020;50;47;-1;75;69;-2;308
okt 25 2020;56;48;-4;79;70;-6;308
okt 26 2020;48;47;-8;68;69;-9;308
okt 27 2020;42;46;-1;80;71;0;308
okt 28 2020;36;45;4;69;69;-9;322
okt 29 2020;40;45;8;71;69;0;322
okt 30 2020;48;46;5;80;71;-2;322
okt 31 2020;70;50;-2;107;76;-9;322
nov 01 2020;61;49;-20;93;74;-31;322
nov 02 2020;63;50;-12;93;74;-19;322
nov 03 2020;54;49;-13;80;73;-18;322
nov 04 2020;76;53;-6;106;77;-8;336
nov 05 2020;66;51;-23;92;76;-29;336
nov 06 2020;68;52;-15;92;76;-16;336
nov 07 2020;59;51;-16;79;74;-16;336
nov 08 2020;78;54;-8;102;78;-5;336
nov 09 2020;68;53;-24;88;76;-24;336
nov 10 2020;71;54;-15;92;77;-12;336
nov 11 2020;82;56;-17;103;80;-14;336
nov 12 2020;71;55;-25;89;78;-23;336
nov 13 2020;72;56;-16;87;78;-12;336
nov 14 2020;63;54;-17;75;76;-9;336
nov 15 2020;78;57;-8;102;80;0;336
nov 16 2020;68;56;-21;88;79;-22;336
nov 17 2020;59;55;-12;77;77;-10;336
nov 18 2020;66;56;-4;85;78;0;341
nov 19 2020;57;55;-10;73;76;-7;341
nov 20 2020;65;56;-3;84;78;3;341
nov 21 2020;56;55;-9;73;76;-6;341
nov 22 2020;66;56;-2;87;79;3;341
nov 23 2020;69;57;-9;89;79;-8;341
nov 24 2020;70;58;-12;89;80;-10;341
nov 25 2020;60;56;-12;102;82;-10;341
nov 26 2020;52;55;-4;89;80;-20;341
nov 27 2020;62;57;3;95;81;-8;341
nov 28 2020;53;55;-5;82;79;-13;341
nov 29 2020;64;57;2;94;82;-3;341
nov 30 2020;56;56;-7;81;80;-12;341
dec 01 2020;60;57;0;85;80;-2;341
dec 02 2020;64;57;-4;87;81;-4;341
dec 03 2020;55;56;-6;75;79;-6;341
dec 04 2020;48;55;1;65;77;4;341
dec 05 2020;49;55;7;65;77;12;341
dec 06 2020;68;58;5;90;81;11;341
dec 07 2020;59;56;-10;78;79;-9;341
dec 08 2020;58;56;-2;75;78;1;341
dec 09 2020;76;60;-2;97;82;3;341
dec 10 2020;66;58;-16;84;80;-15;341
dec 11 2020;69;59;-7;88;81;-4;341
dec 12 2020;60;58;-10;76;79;-7;341
dec 13 2020;79;61;-2;112;85;3;341
dec 14 2020;68;59;-18;97;83;-26;341
dec 15 2020;59;58;-9;84;81;-14;341
dec 16 2020;77;61;-1;97;84;-3;330
dec 17 2020;67;60;-16;84;82;-13;330
dec 18 2020;58;58;-7;73;80;-2;330
dec 19 2020;81;62;0;98;84;7;330
dec 20 2020;94;65;-18;123;89;-14;330
dec 21 2020;82;64;-29;106;87;-34;330
dec 22 2020;71;62;-18;92;85;-20;330
dec 23 2020;89;66;-9;113;89;-7;330
dec 24 2020;88;66;-23;109;88;-24;330
dec 25 2020;77;65;-22;94;86;-21;330
dec 26 2020;93;68;-12;111;89;-8;330
dec 27 2020;90;68;-25;105;89;-22;330
dec 28 2020;78;66;-22;91;87;-16;330
dec 29 2020;68;65;-12;79;85;-4;330
dec 30 2020;59;63;-3;69;83;6;330
dec 31 2020;51;62;5;59;81;14;330
jan 01 2021;44;60;11;52;79;21;330
jan 02 2021;38;59;16;45;77;27;330
jan 03 2021;33;57;21;39;75;32;330
jan 04 2021;29;56;24;34;73;37;330
jan 05 2021;25;55;27;29;72;40;330
